name,address
AgbMain,0x08000a50
PutBuildInfo,0x08000b28
GetCurrentBgmSong,0x080034e8
sub_80033D0,0x08003500
sub_80033EC,0x0800351c
SetBgmVolume,0x080035bc
FadeBgmOut,0x080035f8
sub_8003550,0x08003680
Sound_FadeOutSE,0x0800371c
StartBgmCore,0x080037b4
StartOrChangeBgm,0x08003820
StartBgm,0x0800389c
StartBgmExt,0x080038b8
MusicFi_OnLoop,0x080038d8
sub_8003858,0x08003988
OverrideBgm,0x08003a7c
RestoreBgm,0x08003b04
sub_8003A68,0x08003b98
MakeBgmOverridePersist,0x08003c34
MusicVc_OnLoop,0x08003d2c
DelaySong_OnLoop,0x08003e18
sub_8003D7C,0x08003eac
PlaySongCore,0x08003f20
sub_8003E48,0x08003f78
sub_8003E68,0x08003f98
sub_8003E9C,0x08003fcc
sub_8003F28,0x08004058
sub_8003F94,0x080040c4
CallSomeSoundMaybe,0x08004104
sub_80040C0,0x080041f0
sub_80040F8,0x08004228
sub_8004110,0x08004240
InitRamFuncs,0x08004288
DrawGlyphRam,0x08004344
DecodeStringRam,0x08004370
PutOamHiRam,0x08004394
PutOamLoRam,0x080043c0
MapFloodCoreStepRam,0x080043ec
MapFloodCoreRam,0x08004414
DebugInitBg,0x08004f34
sub_8004E9C,0x08004ff4
sub_8004EB0,0x08005008
sub_8004EF4,0x0800504c
sub_8004F08,0x08005060
sub_8004F20,0x08005078
sub_8004F5C,0x080050b4
sub_8004F8C,0x080050e4
sub_8004FA8,0x08005100
sub_8004FF4,0x0800514c
sub_8005010,0x08005168
sub_80050F4,0x08005254
SetupDebugFontForOBJ,0x080052bc
sub_80051E8,0x08005348
sub_8005234,0x08005394
sub_8005258,0x080053b8
ResetText,0x080053f4
InitTextFont,0x08005418
ResetTextFont,0x08005480
InitText,0x080054bc
InitTextDb,0x080054e4
InitTextList,0x0800550c
ClearText,0x08005528
Text_SetParams,0x080055c8
PutBlankText,0x0800561e
GetStringTextLen,0x0800563c
GetStringTextCenteredPos,0x080056f0
GetStringTextBox,0x0800570c
GetStringLineEnd,0x08005892
GetColorLut,0x080058e4
DrawTextGlyph,0x080058f4
DrawTextGlyphNoClear,0x08005944
PutDrawText,0x08005b18
Text_InsertDrawString,0x08005b5c
Text_InsertDrawNumberOrBlank,0x08005b80
Text_DrawStringAscii,0x08005ba4
Text_DrawCharacterAscii,0x08005be0
InitSpriteTextFont,0x08005c78
InitSpriteText,0x08005cb4
SpriteText_DrawBackground,0x08005cd8
SpriteText_DrawBackgroundExt,0x08005d38
DrawSpriteTextGlyph,0x08005d84
sub_8005D8C,0x08005f34
sub_8005E00,0x08005fa8
sub_8005E48,0x08005ff0
sub_8005E50,0x08005ff8
sub_8005E60,0x08006008
StartGreenText,0x08006030
EndGreenText,0x08006054
sub_8005F14,0x080060bc
sub_8005F70,0x08006118
GetSpecialCharChr,0x08006154
PutSpecialChar,0x08006194
PutNumberExt,0x080061d0
PutNumber,0x08006210
PutNumberOrBlank,0x0800621c
PutNumberTwoChr,0x0800623c
PutNumberSmall,0x0800626c
PutNumberBonus,0x08006278
sub_80060FC,0x080062a4
PutTime,0x080062f0
PutTwoSpecialChar,0x080063e4
sub_800625C,0x080064f8
sub_8006298,0x08006534
sub_80062D8,0x08006574
AnimDisplayPrivate,0x08006984
sub_800A70C,0x0800a864
sub_800A720,0x0800a878
sub_800A7C0,0x0800a914
sub_800A7D0,0x0800a924
sub_800AA64,0x0800ac14
sub_800AA80,0x0800ac30
sub_800AAA8,0x0800ac58
sub_800AAC4,0x0800ac74
sub_800AAE0,0x0800ac90
sub_800AC6C,0x0800ae18
sub_800ACC4,0x0800ae70
sub_800ACD0,0x0800ae7c
sub_800ACDC,0x0800ae88
sub_800ACE8,0x0800ae94
sub_800AD04,0x0800aeb0
sub_800AD78,0x0800af24
Event_FadeOutOfBackgroundTalk,0x0800af30
Event_FadeOutOfSkip,0x0800af44
sub_800ADAC,0x0800af58
sub_800ADC0,0x0800af6c
sub_800ADF8,0x0800afa4
sub_800AE34,0x0800afe0
StartEvent,0x0800b0b4
StartEventLocking,0x0800b0c0
StartEventInternal,0x0800b0cc
sub_800B02C,0x0800b240
sub_800B040,0x0800b254
sub_800B04C,0x0800b260
sub_800B0D4,0x0800b2e8
sub_800B100,0x0800b314
sub_800B12C,0x0800b340
sub_800B148,0x0800b35c
sub_800B15C,0x0800b370
sub_800B200,0x0800b414
sub_800B244,0x0800b458
sub_800B2CC,0x0800b4e0
sub_800B9B8,0x0800bbbc
sub_800B9E8,0x0800bbec
sub_800BBB0,0x0800bdf4
sub_800BC98,0x0800be8c
sub_800BCE4,0x0800bf74
sub_800BEEC,0x0800c138
sub_800BF68,0x0800c1b0
sub_800C06C,0x0800c2b4
sub_800C16C,0x0800c3b4
sub_800C214,0x0800c45c
sub_800C2C4,0x0800c50c
sub_800C374,0x0800c5bc
sub_800C3FC,0x0800c644
sub_800C4C0,0x0800c708
sub_800C54C,0x0800c794
sub_800C5F4,0x0800c83c
sub_800C70C,0x0800c954
sub_800C7CC,0x0800ca14
sub_800C868,0x0800cab0
sub_800C8BC,0x0800cb04
EvtCmd_MovePidNextTo,0x0800cb74
TryMoveUnit,0x0800cc40
TryMoveUnitDisplayed,0x0800cccc
DisplayMovement,0x0800cdb4
WaitForMu_OnLoop,0x0800ce70
Event30_LoadUnit,0x0800cebc
Event31_LoadUnit,0x0800cf00
sub_800CCFC,0x0800cf44
sub_800CD68,0x0800cfb0
sub_800CD90,0x0800cfd8
sub_800CDCC,0x0800d014
sub_800CE54,0x0800d09c
sub_800CEBC,0x0800d104
sub_800CF2C,0x0800d170
sub_800CFA8,0x0800d1ec
sub_800D044,0x0800d288
sub_800D168,0x0800d3ac
sub_800D204,0x0800d448
sub_800D22C,0x0800d470
sub_800D268,0x0800d4ac
sub_800D278,0x0800d4bc
Event3C_ASMC1,0x0800d4d0
Event3E_ASMC3,0x0800d524
Event3F_ASMC4,0x0800d55c
Event40_ASMC5,0x0800d58c
sub_800D384,0x0800d5c4
Event43_Goto,0x0800d620
sub_800D3F0,0x0800d630
sub_800D434,0x0800d674
sub_800D478,0x0800d6b8
sub_800D484,0x0800d6c4
sub_800D4A0,0x0800d6e0
sub_800D4AC,0x0800d6ec
sub_800D510,0x0800d750
sub_800D57C,0x0800d7bc
sub_800D678,0x0800d8b8
sub_800D69C,0x0800d8dc
sub_800D6C0,0x0800d900
sub_800D704,0x0800d944
sub_800D724,0x0800d964
sub_800D774,0x0800d9b8
sub_800D7CC,0x0800da10
sub_800D7F0,0x0800da34
sub_800D828,0x0800da6c
sub_800D834,0x0800da78
sub_800D840,0x0800da84
sub_800D858,0x0800da9c
sub_800D864,0x0800daa8
sub_800D87C,0x0800dac0
sub_800D894,0x0800dad8
sub_800D8BC,0x0800db00
sub_800D8DC,0x0800db20
sub_800D8FC,0x0800db40
sub_800D994,0x0800dbd8
sub_800DA64,0x0800dca8
sub_800DA9C,0x0800dce0
sub_800DAF4,0x0800dd38
sub_800DB18,0x0800dd5c
sub_800DB8C,0x0800ddd0
sub_800DC44,0x0800de84
sub_800DCCC,0x0800df0c
sub_800DCD4,0x0800df14
sub_800DD70,0x0800dfac
sub_800DD90,0x0800dfcc
sub_800DDA4,0x0800dfe0
sub_800DDD4,0x0800e010
sub_800DE5C,0x0800e098
sub_800DE98,0x0800e0d4
sub_800DF64,0x0800e1a0
sub_800DFE0,0x0800e21c
sub_800E00C,0x0800e248
sub_800E078,0x0800e2b4
sub_800E098,0x0800e2d4
sub_800E0B4,0x0800e2f0
sub_800E0D0,0x0800e30c
sub_800E0F8,0x0800e334
sub_800E120,0x0800e35e
sub_800E160,0x0800e3a0
sub_800E1C4,0x0800e404
sub_800E23C,0x0800e47c
sub_800E24C,0x0800e48c
sub_800E35C,0x0800e598
sub_800E43C,0x0800e678
sub_800E44C,0x0800e688
Event80_CompleteGame,0x0800e6cc
Event81_800E4A8,0x0800e6e4
sub_800E4C0,0x0800e6fc
sub_800E510,0x0800e74c
sub_800E520,0x0800e75c
sub_800E5EC,0x0800e82a
Event90_800E798,0x0800e9e8
sub_800E7A4,0x0800e9f4
sub_800E854,0x0800eaa8
sub_800EA10,0x0800ec68
sub_800EA44,0x0800ec9c
sub_800EA58,0x0800ecb0
sub_800EA68,0x0800ecc0
Event98_800EA74,0x0800eccc
sub_800EA7C,0x0800ecd4
sub_800EAD4,0x0800ed2c
sub_800EAE4,0x0800ed3c
sub_800EB0C,0x0800ed64
sub_800EB1C,0x0800ed74
sub_800EB3C,0x0800ed94
Event00_,0x0800eda4
Event01,0x0800ee08
EventClearTalkDisplayed,0x0800ee14
ClearTalk,0x0800ee60
IsEventRunning,0x0800ee84
sub_800EC40,0x0800ee98
sub_800EC58,0x0800eeb0
sub_800EC84,0x0800eedc
CallMapSupportEvent,0x0800eef4
sub_800ECB8,0x0800ef10
CallSupportViewerEvent,0x0800ef2c
sub_800ECEC,0x0800ef7c
sub_800ED10,0x0800efa0
sub_800EEA8,0x0800f188
sub_800EEBC,0x0800f19c
sub_800EED8,0x0800f1b8
sub_800EEF4,0x0800f1d4
sub_800EF1C,0x0800f1fc
sub_800EF34,0x0800f214
sub_800EF50,0x0800f230
sub_800EF78,0x0800f258
GetChapterAllyUnitCount,0x0800f298
sub_800EFD4,0x0800f2b4
sub_800F070,0x0800f358
sub_800F188,0x0800f478
sub_800F200,0x0800f4f8
sub_800F224,0x0800f520
sub_800F230,0x0800f52c
sub_800F23C,0x0800f538
sub_800F250,0x0800f54c
sub_800F264,0x0800f560
sub_800F324,0x0800f620
sub_800F384,0x0800f684
sub_800F518,0x0800f820
sub_800F528,0x0800f830
sub_800F568,0x0800f870
sub_800F588,0x0800f890
sub_800F5A8,0x0800f8b0
sub_800F5C4,0x0800f8cc
sub_800F63C,0x0800f944
sub_800F67C,0x0800f984
sub_800F6C4,0x0800f9cc
sub_800F708,0x0800fa10
sub_800F72C,0x0800fa34
sub_800F750,0x0800fa58
sub_800F790,0x0800fa98
sub_800F7D0,0x0800fad8
sub_800F93C,0x0800fc44
sub_800FA74,0x0800fd80
sub_800FA84,0x0800fd90
sub_800FA94,0x0800fda0
sub_800FAA0,0x0800fdac
sub_800FAB8,0x0800fdc4
sub_800FC40,0x0800ff48
sub_800FC5C,0x0800ff64
sub_800FC6C,0x0800ff74
sub_800FDC4,0x0800ff90
EventCD_Warp,0x0800ffa4
sub_800FE60,0x0801002c
sub_800FEC8,0x08010094
sub_8010364,0x08010104
sub_8010480,0x08010228
sub_80104B8,0x08010260
sub_80104D4,0x0801027c
sub_8010630,0x080103d8
sub_80108C8,0x08010672
sub_8010D88,0x08010ba8
sub_8010DC4,0x08010be4
sub_8010E14,0x08010c34
sub_8010EA0,0x08010cc8
sub_8010F48,0x08010d68
sub_8011038,0x08010e54
sub_80110E4,0x08010f08
sub_80111E8,0x08011030
sub_8011214,0x0801105c
sub_8011248,0x08011090
sub_8011298,0x080110e0
sub_801135C,0x080111a0
sub_801140C,0x08011250
sub_8011458,0x0801129c
sub_8011900,0x08011538
EventLoadUnit,0x08011fc0
sub_8012440,0x08012038
sub_80124BC,0x080120b4
sub_80125A4,0x0801219c
sub_80125EC,0x080121e4
sub_8013374,0x08012f5c
StringEquals,0x08013350
StringCopy,0x0801337a
sub_8013614,0x08013394
sub_8013658,0x080133d8
GetDataSize,0x08013448
sub_80136D0,0x08013450
sub_80136E8,0x08013468
sub_8013718,0x08013498
Register2dChrMove,0x080134ac
Copy2dChr,0x080134d8
ApplyBitmap,0x08013510
ApplyBitmapLine,0x0801354c
PutAppliedBitmap,0x080135bc
PutDigits,0x080135f0
sub_80138A0,0x08013620
sub_80138A8,0x08013628
sub_80138BC,0x0801363c
sub_80138C8,0x08013648
sub_80138E8,0x08013668
sub_8013970,0x080136f0
sub_8013A98,0x08013818
sub_8013B24,0x080138a4
GetPalFadeSt,0x080138c4
SetPalFadeStClkEnd1,0x080138cc
SetPalFadeStClkEnd2,0x080138dc
SetPalFadeStClkEnd3,0x080138f0
GetPalFadeStClkEnd1,0x08013904
GetPalFadeStClkEnd2,0x08013910
GetPalFadeStClkEnd3,0x08013920
ArchiveCurrentPalettes,0x0801394c
ArchivePalette,0x08013998
WriteFadedPaletteFromArchive,0x080139c8
sub_8013E84,0x08013c04
sub_8013E8C,0x08013c0c
sub_8013EF8,0x08013c78
sub_8013F3C,0x08013cbc
SpacialSeTest_OnInit,0x08013cd8
SpacialSeTest_OnLoop,0x08013ce8
StartSpacialSeTest,0x08013d50
StartPalFadeToBlack,0x08013d68
StartPalFadeToWhite,0x08013d84
StartPalFade,0x08013da0
sub_8014094,0x08013e14
SetBlackPal,0x08013efc
sub_80141BC,0x08013f3c
sub_80141D4,0x08013f54
sub_8014264,0x08013fe4
sub_8014374,0x080140f4
sub_80143A4,0x08014124
FadeExists,0x08014158
StartFadeFromBlack,0x080141a0
StartLockingFadeToBlack,0x080141bc
StartLockingFadeFromBlack,0x080141d8
sub_8014470,0x080141f0
sub_8014488,0x08014208
sub_80144A0,0x08014220
StartMidFadeFromBlack,0x08014238
StartSlowFadeFromBlack,0x08014244
StartFastFadeFromBlack,0x08014250
StartMidLockingFadeToBlack,0x0801425c
StartSlowLockingFadeToBlack,0x08014268
StartFastLockingFadeToBlack,0x08014274
StartMidLockingFadeFromBlack,0x08014280
StartSlowLockingFadeFromBlack,0x08014290
StartFastLockingFadeFromBlack,0x080142a0
sub_8014530,0x080142b0
sub_8014540,0x080142c0
sub_8014550,0x080142d0
sub_8014560,0x080142e0
sub_8014570,0x080142f0
sub_8014580,0x08014300
sub_8014598,0x08014318
sub_80145B0,0x08014330
sub_80145C8,0x08014348
sub_80145E0,0x08014360
sub_80145F8,0x08014378
sub_801460C,0x0801438c
sub_8014620,0x080143a0
sub_8014634,0x080143b4
sub_8014648,0x080143c8
sub_8014660,0x080143e0
sub_8014678,0x080143f8
sub_8014690,0x08014410
sub_80146A8,0x08014428
sub_80146C0,0x08014440
sub_80146D4,0x08014454
sub_80146E8,0x08014468
sub_8014700,0x08014480
sub_8014714,0x08014494
sub_8014728,0x080144a8
sub_801473C,0x080144bc
sub_8014750,0x080144d0
sub_8014764,0x080144e4
sub_8014778,0x080144f8
sub_801478C,0x0801450c
sub_80147A0,0x08014520
WaitForFade,0x08014538
sub_80147D4,0x08014554
StartFadeCore,0x08014568
sub_8014844,0x080145c4
sub_8014850,0x080145d0
sub_8014874,0x080145f4
sub_80148C0,0x08014640
sub_80148D4,0x08014654
sub_80148E4,0x08014664
sub_8014900,0x08014680
sub_8014970,0x080146f0
sub_80149B4,0x08014734
sub_80149D0,0x08014750
sub_80149EC,0x0801476c
sub_8014AB0,0x080148d4
sub_8014B14,0x08014938
sub_8014B68,0x0801498c
sub_8014BA4,0x080149c8
sub_8014BBC,0x080149e0
sub_8014BD4,0x080149f8
sub_8014C38,0x08014a5c
sub_8014CA0,0x08014ac4
sub_8014D78,0x08014b9c
CallDelayed_OnLoop,0x08014d78
CallDelayedArg_OnLoop,0x08014d9c
CallDelayed,0x08014dc4
CallDelayedArg,0x08014de0
sub_8014FEC,0x08014e02
sub_8015000,0x08014e1a
sub_8015010,0x08014e2e
sub_8015020,0x08014e40
sub_8015044,0x08014e64
sub_8015068,0x08014e88
sub_80150A0,0x08014ec0
sub_801514C,0x08014f74
sub_80151D4,0x08014ffc
PlaySeSpacial,0x08015024
sub_801525C,0x08015084
sub_8015274,0x0801509c
sub_8015294,0x080150bc
sub_80152A4,0x080150cc
sub_80152B4,0x080150dc
sub_801530C,0x08015136
sub_8015324,0x08015150
sub_8015374,0x080151a0
sub_80153C0,0x080151ec
sub_8015530,0x0801535c
sub_8015550,0x0801537c
sub_8015584,0x080153b0
sub_80155D0,0x080153fc
sub_8015618,0x08015444
sub_8015664,0x08015490
sub_8015688,0x080154b4
sub_80156C0,0x080154ec
sub_8016470,0x080162f0
GetItemHpBonus,0x0801633e
MakeNewItem,0x0801648e
CanUnitUseWeapon,0x080164c0
CanUnitUseWeaponNow,0x0801669c
CanUnitUseStaff,0x080166f2
sub_80168A4,0x0801674c
sub_80168EC,0x08016794
sub_8016984,0x08016830
GetItemAfterUse,0x08016a56
GetUnitEquippedWeapon,0x08016a90
GetUnitEquippedWeaponSlot,0x08016ac0
IsItemCoveringRange,0x08016af6
EquipUnitItemSlot,0x08016b28
IsItemEffectiveAgainst,0x08016b54
GetItemDisplayRangeString,0x08016bdc
sub_8016DD8,0x08016cb0
GetWeaponLevelSpecialCharFromExp,0x08016d14
sub_8016E60,0x08016d3c
sub_8016F80,0x08016e98
sub_801718C,0x080170a2
sub_80171B4,0x080170cc
sub_8017310,0x08017230
sub_8017364,0x08017284
sub_8017420,0x08017340
sub_80174A0,0x080173c0
sub_80174F4,0x08017414
GetPartyTotalGoldValue,0x08017494
sub_801759C,0x080174be
GetItemIndex,0x08017530
GetItemDescMsg,0x080175cc
GetItemUseDescId,0x080175e4
GetItemType,0x080175fe
GetItemAttributes,0x08017620
GetItemUses,0x0801763a
GetItemMaxUses,0x08017666
GetItemMight,0x08017690
GetItemHit,0x080176a8
GetItemWeight,0x080176c0
GetItemCrit,0x080176d8
sub_8017748,0x080176f2
sub_8017774,0x08017738
sub_80177A8,0x08017754
GetItemRequiredExp,0x0801776c
sub_80177D8,0x08017784
sub_80177F0,0x0801779c
GetItemWeaponEffect,0x080177d8
sub_8017844,0x080177f0
sub_8017874,0x08017822
GetItemAwardedExp,0x0801784c
GetItemData,0x080178ac
InitChapterMap,0x080191b0
InitChapterPreviewMap,0x080192b0
sub_80192D4,0x08019318
sub_8019428,0x0801946c
BmMapInit,0x08019498
BmMapFillg,0x080194d8
sub_80194F0,0x08019534
UnpackChapterMap,0x080195a0
UnpackChapterMapGraphics,0x08019600
UnpackChapterMapPalette,0x08019668
sub_8019654,0x08019698
RefreshTerrainMap,0x08019758
sub_80197A4,0x080197e8
sub_80197C8,0x0801980c
sub_801983C,0x08019880
RenderMap,0x08019930
RenderMapForFade,0x080199b0
sub_80199D8,0x08019a1c
sub_8019B84,0x08019bc8
sub_8019C50,0x08019c94
sub_8019E24,0x08019e68
RefreshEntityMaps,0x08019ee8
sub_8019F20,0x08019f6c
RevertMapChange,0x08019fcc
sub_8019FC0,0x0801a00c
sub_8019FFC,0x0801a048
MapFloodRange_Unitless,0x0801a07c
GenerateExtendedMovementMap,0x0801a0ac
sub_801A090,0x0801a0dc
sub_801A0C0,0x0801a10c
sub_801A0E0,0x0801a12c
BuildBestMoveScript,0x0801a280
sub_801A3F0,0x0801a436
sub_801A424,0x0801a46c
sub_801A4DC,0x0801a524
sub_801A5C8,0x0801a610
sub_801A6B4,0x0801a6fc
sub_801A7B8,0x0801a800
sub_801B1F0,0x0801b238
sub_801B3E8,0x0801b430
sub_801B528,0x0801b570
SetWorkingBmMap,0x0801b5b8
MapAddInBoundedRange,0x0801b5c4
GetWorkingMoveCosts,0x0801b604
sub_801B5C4,0x0801b60c
sub_801B5F4,0x0801b63c
sub_801B650,0x0801b698
sub_801B660,0x0801b6a8
sub_801B6C4,0x0801b70c
sub_801B6F4,0x0801b73c
sub_801B718,0x0801b760
sub_801B7A4,0x0801b7ec
sub_801B7C8,0x0801b810
sub_801B8FC,0x0801b950
sub_801B954,0x0801b9a8
sub_801BAB4,0x0801bb14
sub_801BBC4,0x0801bc30
sub_801BC6C,0x0801bcdc
sub_801BCB0,0x0801bd20
sub_801BCD4,0x0801bd44
sub_801BD40,0x0801bdb0
sub_801BDC0,0x0801be30
sub_801BF90,0x0801c000
sub_801BFA4,0x0801c014
sub_801BFB8,0x0801c028
sub_801BFCC,0x0801c03c
sub_801BFE8,0x0801c058
sub_801C000,0x0801c070
sub_801C030,0x0801c0a0
sub_801C05C,0x0801c0cc
sub_801C164,0x0801c1e0
sub_801C170,0x0801c1ec
sub_801C180,0x0801c1fc
sub_801C2D8,0x0801c358
sub_801C43C,0x0801c490
sub_801C558,0x0801c588
PlayerPhase_Suspend,0x0801c59c
sub_801C608,0x0801c632
sub_801C8D4,0x0801c8ec
sub_801CA60,0x0801ca78
sub_801CDA8,0x0801cdc8
sub_801CDC0,0x0801cde0
sub_801CE3C,0x0801ce5c
sub_801CF9C,0x0801cfc4
sub_801D050,0x0801d078
sub_801D06C,0x0801d094
sub_801D094,0x0801d0bc
sub_801D154,0x0801d17c
sub_801D184,0x0801d1ac
sub_801D1C0,0x0801d1e8
sub_801D2F8,0x0801d324
sub_801D374,0x0801d3a0
sub_801D39C,0x0801d3c8
sub_801D3B8,0x0801d3e4
sub_801D4CC,0x0801d4f8
sub_801D50C,0x0801d538
sub_801D5E8,0x0801d614
TrySetCursorOn,0x0801d714
sub_801D758,0x0801d784
sub_801D7B0,0x0801d7dc
GetSomeFacingDirection,0x0801d80e
sub_801D808,0x0801d838
sub_801D880,0x0801d8b4
sub_801D8D4,0x0801d908
sub_801D920,0x0801d954
sub_801D958,0x0801d98c
sub_801D9F0,0x0801da24
StartMapFade,0x0801da40
sub_801DA38,0x0801da6c
sub_801DA50,0x0801da84
sub_801DAA4,0x0801dad8
sub_801DB0C,0x0801db40
sub_801DB80,0x0801dbb4
sub_801DBB0,0x0801dbe4
sub_801DBF8,0x0801dc2c
sub_801DC24,0x0801dc58
sub_801DC34,0x0801dc68
sub_801DC48,0x0801dc7c
sub_801DC64,0x0801dc98
sub_801DCB4,0x0801dce8
sub_801DD54,0x0801dd88
sub_801DD60,0x0801dd94
sub_801DDA4,0x0801ddd8
sub_801DEB0,0x0801df3c
sub_801DEFC,0x0801df88
sub_801DF38,0x0801dfc4
sub_801DF68,0x0801dff4
sub_801E110,0x0801e19c
sub_801E2A0,0x0801e32c
sub_801E364,0x0801e3f0
sub_801E660,0x0801e708
sub_801E6E4,0x0801e78c
sub_801E7E0,0x0801e88e
sub_801E804,0x0801e8b4
sub_801E858,0x0801e908
sub_801E89C,0x0801e94c
sub_801E8E0,0x0801e990
sub_801E924,0x0801e9d4
sub_801E94C,0x0801e9fc
sub_801E98C,0x0801ea3c
sub_801E9F0,0x0801eaa0
sub_801EA54,0x0801eb04
sub_801EA6C,0x0801eb1c
sub_801EA74,0x0801eb24
sub_801EB48,0x0801ebf8
sub_801EC1C,0x0801eccc
sub_801EC24,0x0801ecd4
sub_801ECAC,0x0801ed5c
sub_801ED30,0x0801ede0
sub_801ED50,0x0801ee00
sub_801EEF8,0x0801efc4
sub_801EF94,0x0801f060
sub_801EFC8,0x0801f094
sub_801F088,0x0801f154
sub_801F0B8,0x0801f184
StartFireTrapAnim1,0x0801f1e0
StartFireTrapAnim2,0x0801f210
sub_801F174,0x0801f240
sub_801F208,0x0801f2d4
sub_801F260,0x0801f32c
sub_801F2CC,0x0801f398
sub_801F2E8,0x0801f3b4
sub_801F314,0x0801f3e0
sub_801F38C,0x0801f458
sub_801F44C,0x0801f518
sub_801F454,0x0801f520
sub_801F484,0x0801f550
sub_8020540,0x08020588
sub_8020580,0x080205c8
sub_8020630,0x0802067c
sub_8020674,0x080206c0
sub_80207BC,0x08020808
sub_80207F0,0x0802083c
sub_80207FC,0x08020848
sub_8020838,0x08020884
sub_8020870,0x080208bc
sub_802089C,0x080208e8
sub_8020904,0x08020950
sub_80209D0,0x08020a1c
StartLightRuneAnim3,0x08020ad4
ProcDanceAnim_Init,0x08020b20
ProcDanceAnim_Loop,0x08020bd4
ProcDanceAnim_ResetTimer,0x08020c3c
ProcDanceAnim_Loop_Blend,0x08020c44
StartDanceringAnim,0x08020c94
ProcEventWrapAnim_Init,0x08020d00
ProcEventWrapAnim_Loop,0x08020de0
ProcEventWrapAnim_End,0x08020e7c
StartEventWarpAnim,0x08020eac
sub_8020ECC,0x08020f1c
sub_8020F20,0x08020f70
sub_8020F38,0x08020f88
sub_8020FEC,0x0802103c
sub_8021064,0x080210b4
sub_802107C,0x080210cc
sub_80210C8,0x08021114
sub_8021184,0x080211d0
sub_80211D8,0x08021224
sub_80212A0,0x080212ec
sub_80212D4,0x08021320
sub_8021348,0x08021394
sub_8021390,0x080213dc
sub_80214E8,0x08021534
sub_8021550,0x0802159c
sub_80215B8,0x08021604
sub_80215D0,0x0802161c
sub_80219F8,0x08021a44
sub_8021A0C,0x08021a58
sub_8021A28,0x08021a74
sub_8021A3C,0x08021a88
sub_8021A4C,0x08021a98
sub_8021A78,0x08021ac4
sub_8021A8C,0x08021ad8
CallEvent_CompleteTraining,0x08021af4
sub_8021ABC,0x08021b08
sub_8021ACC,0x08021b18
sub_8021B28,0x08021b74
sub_8021B8C,0x08021bd8
sub_8021BB0,0x08021bfc
sub_8021BE4,0x08021c30
sub_8021C28,0x08021c74
sub_8021C60,0x08021cac
sub_8021C80,0x08021ccc
sub_8021C94,0x08021ce0
sub_8021CCC,0x08021d18
sub_8021CEC,0x08021d38
sub_8021D10,0x08021d5c
sub_8021D78,0x08021dc4
sub_8021DE0,0x08021e2c
sub_8021E14,0x08021e60
sub_8021E64,0x08021eb0
sub_8021EB4,0x08021f00
sub_8021F10,0x08021f5c
sub_8021F5C,0x08021fa8
sub_8021FAC,0x08021ff8
sub_8022014,0x08022060
sub_8022020,0x0802206c
sub_802206C,0x080220b8
sub_80220B0,0x080220fc
sub_8022100,0x0802214c
sub_802216C,0x080221b8
sub_80221A0,0x080221ec
sub_80221BC,0x08022208
sub_80221CC,0x08022218
sub_80221E0,0x0802222c
sub_8022264,0x080222b0
sub_8022288,0x080222d4
sub_80222DC,0x08022328
sub_8022300,0x0802234c
sub_8022330,0x0802237c
sub_8022374,0x080223c0
sub_8022394,0x080223e0
sub_802242C,0x08022480
sub_8022494,0x080224e8
sub_80224D0,0x08022524
sub_802250C,0x08022560
sub_80225F4,0x0802264a
sub_802267C,0x080226d8
sub_8022704,0x08022760
sub_8022754,0x080227b0
sub_80227C4,0x08022820
sub_80227D8,0x08022834
sub_802281C,0x08022878
sub_8022828,0x08022884
sub_8022864,0x080228c0
sub_802287C,0x080228d8
sub_80228D4,0x08022930
sub_80229A8,0x08022a04
sub_8022A20,0x08022a7c
sub_8022A9C,0x08022af8
sub_8022B68,0x08022bc4
sub_8022B9C,0x08022bf8
sub_8022C10,0x08022c6c
sub_8022C48,0x08022ca4
sub_8022C80,0x08022cdc
sub_8022CD0,0x08022d2c
sub_8022CFC,0x08022d58
sub_8022D84,0x08022de0
sub_8022E68,0x08022ec4
sub_8022EB0,0x08022f0c
sub_8022EBC,0x08022f18
sub_8022EF4,0x08022f50
sub_8022F34,0x08022f90
sub_8022F40,0x08022f9c
sub_8022FAC,0x08023008
sub_8023024,0x08023088
sub_8023038,0x0802309c
sub_80230BC,0x08023128
sub_80230D0,0x0802313c
sub_8023110,0x0802317c
sub_8023138,0x080231a4
sub_8023174,0x080231e0
sub_8023198,0x08023204
sub_802322C,0x08023298
sub_802324C,0x080232b8
sub_8023280,0x080232ec
sub_80232A0,0x0802330c
sub_80232D4,0x08023340
sub_80232F4,0x08023360
sub_8023328,0x08023394
sub_8023348,0x080233b4
sub_8023404,0x0802345c
sub_80234AC,0x08023508
sub_80234D0,0x0802352c
sub_8023574,0x080235d0
sub_80235B8,0x08023614
sub_8023644,0x080236a0
sub_802369C,0x080236f8
sub_80236D4,0x08023730
sub_8023708,0x08023764
sub_8023714,0x08023770
sub_8023738,0x08023794
sub_8023758,0x080237b4
sub_802377C,0x080237d8
sub_80237BC,0x08023818
sub_80237E0,0x0802383c
sub_8023800,0x0802385c
sub_8023824,0x08023880
sub_8023844,0x080238a0
sub_802388C,0x080238e8
sub_80238B0,0x0802390c
sub_80238D0,0x0802392c
sub_80238F4,0x08023950
sub_8023900,0x0802395c
sub_8023924,0x08023980
sub_8023980,0x080239dc
sub_80239DC,0x08023a3c
sub_8023A08,0x08023a68
sub_8023AE4,0x08023b44
sub_8023B08,0x08023b68
sub_8023B4C,0x08023bac
sub_8023B78,0x08023bd8
sub_8023BB0,0x08023c10
sub_8023BF8,0x08023c58
sub_8023C2C,0x08023c8c
sub_8023C54,0x08023cb4
ForEachUnitInMovement,0x08023e40
sub_8023E3C,0x08023eac
sub_8023EA8,0x08023f18
sub_8023F00,0x08023f70
sub_8023F34,0x08023fa4
sub_8023F68,0x08023fd8
sub_8023F9C,0x0802400c
sub_8023FEC,0x0802405c
sub_80240AC,0x0802411c
sub_80240E4,0x08024154
sub_802414C,0x080241bc
sub_80241F0,0x08024260
sub_8024264,0x080242d4
sub_80242C4,0x08024334
sub_80242F8,0x08024368
sub_8024350,0x080243c0
sub_8024384,0x080243f4
sub_80243F0,0x08024460
sub_8024424,0x08024494
sub_80244A4,0x08024514
sub_80244D8,0x08024548
sub_8024520,0x08024590
sub_8024554,0x080245c4
sub_8024600,0x08024670
sub_8024638,0x080246a8
sub_80246A4,0x08024714
sub_80246E4,0x08024754
sub_8024724,0x08024794
sub_8024774,0x080247e4
sub_8024848,0x080248b8
sub_80248C0,0x08024930
sub_8024904,0x08024974
sub_8024938,0x080249aa
sub_8024990,0x08024a04
sub_80249C4,0x08024a38
sub_8024A18,0x08024a8c
sub_8024A4C,0x08024ac0
sub_8024A98,0x08024b0c
sub_8024AE8,0x08024b5c
sub_8024B1C,0x08024b90
sub_8024B6C,0x08024be0
sub_8024BA0,0x08024c14
sub_8024BD8,0x08024c4c
sub_8024C00,0x08024c74
sub_8024C4C,0x08024cc0
sub_8024C98,0x08024d0c
sub_8024CE4,0x08024d58
sub_8024D0C,0x08024d80
sub_8024D34,0x08024da8
sub_8024D5C,0x08024dd0
sub_8024D94,0x08024e08
sub_8024DC8,0x08024e3c
sub_8024DFC,0x08024e70
sub_8024E54,0x08024ec8
sub_8024E88,0x08024efc
sub_8024F14,0x08024f88
sub_8024F6C,0x08024fe0
MakeTargetListForDanceRing,0x08025064
sub_8025024,0x08025098
MakeTargetListForMine,0x080250f4
sub_80250B0,0x08025128
sub_80250E0,0x08025158
sub_8025114,0x0802518c
ApplyUnitSpritePalettes,0x0802519c
sub_802516C,0x080251e4
ResetUnitSprites,0x080251fc
ResetUnitSpritesB,0x08025230
sub_080251EC,0x08025264
UseUnitSprite,0x080252f0
sub_8025344,0x080253bc
ApplyUnitSpriteImage16x16,0x08025450
ApplyUnitSpriteImage16x32,0x0802552c
ApplyUnitSpriteImage32x32,0x0802561c
TornOutUnitSprite,0x08025710
SyncUnitSpriteSheet,0x08025a20
ForceSyncUnitSpriteSheet,0x08025a88
sub_8025A6C,0x08025ae8
sub_8025AE0,0x08025b5c
sub_8025B54,0x08025bd0
RefreshUnitSprites,0x08025c34
AddUnitSprite,0x08025de8
PutUnitSpritesOam,0x08025e20
PutChapterMarkedTileIconOam,0x08025fac
PutUnitSpriteIconsOam,0x08026064
sub_8026428,0x080264ac
UnitSpriteHoverUpdate,0x080264b8
sub_8026540,0x080265cc
sub_8026628,0x080266b4
sub_80266DC,0x08026768
sub_8026794,0x08026820
sub_802682C,0x080268b8
sub_8026908,0x08026994
sub_8026A4C,0x08026ae0
CanUnitUseItem,0x08027200
sub_802775C,0x08027804
sub_8027770,0x08027818
sub_80277E0,0x08027898
sub_802781C,0x080278d4
sub_8027830,0x080278e8
sub_8027844,0x080278fc
sub_8027B0C,0x08027be8
sub_8027B24,0x08027c00
sub_8027B64,0x08027c40
sub_8027BA4,0x08027c80
sub_8027C58,0x08027d34
sub_8027D98,0x08027e74
sub_8027DD4,0x08027eb0
sub_8027E08,0x08027ee4
sub_8027E1C,0x08027ef8
sub_8027EA0,0x08027f78
sub_8027EBC,0x08027f94
sub_8027F14,0x08027fec
sub_8027F74,0x0802804c
sub_8027FC8,0x080280a0
sub_8027FEC,0x080280c4
sub_8027FF8,0x080280d0
sub_802800C,0x080280e4
sub_8028044,0x0802811c
sub_80280A0,0x08028178
sub_8028184,0x08028224
sub_80281C0,0x0802829c
sub_80281CC,0x080282a8
sub_802822C,0x08028304
sub_8028238,0x08028310
sub_802825C,0x08028334
sub_8028298,0x08028370
sub_80282A4,0x0802837c
sub_80282E4,0x080283bc
sub_80282F4,0x080283cc
sub_8028328,0x08028400
sub_8028354,0x0802842c
sub_80283AC,0x08028484
sub_802849C,0x08028574
CanUnitUseItemPrepScreen,0x080285a0
sub_8028620,0x080286f8
sub_802B064,0x0802b168
sub_802B15C,0x0802b260
sub_802B1E0,0x0802b2e0
sub_802B21C,0x0802b31c
sub_802B250,0x0802b350
sub_802B334,0x0802b434
sub_802B390,0x0802b490
sub_802B544,0x0802b644
sub_802B5D0,0x0802b6d0
sub_802B6D0,0x0802b7d0
sub_802B738,0x0802b838
sub_802B86C,0x0802b96c
sub_802B8BC,0x0802b9bc
sub_802B908,0x0802ba08
sub_802BB28,0x0802bc44
sub_802BB88,0x0802bca8
sub_802BB98,0x0802bcb8
sub_802BBA8,0x0802bcc8
sub_802BBB8,0x0802bcd8
sub_802BBD8,0x0802bce8
sub_802BBE8,0x0802bcf8
sub_802BC34,0x0802bd40
sub_802BC98,0x0802bda4
sub_802BCAC,0x0802bdb8
sub_802BCC0,0x0802bdcc
sub_802BCC8,0x0802bdd4
sub_802BCE8,0x0802bdf4
sub_802BD14,0x0802be20
sub_802BD30,0x0802be3c
sub_802BD44,0x0802be50
sub_802BD58,0x0802be64
sub_802BD6C,0x0802be78
InitTraps,0x0802c014
sub_802BF58,0x0802c068
sub_802BF8C,0x0802c09c
sub_802BFB4,0x0802c0c4
sub_802BFE4,0x0802c0f8
sub_802C000,0x0802c114
sub_802C020,0x0802c134
sub_802C03C,0x0802c150
sub_802C058,0x0802c16c
sub_802C068,0x0802c17c
InitMapObstacles,0x0802c18c
sub_802C100,0x0802c214
sub_802C17C,0x0802c290
sub_802C190,0x0802c2a4
GetMapChangeIdAt,0x0802c2e0
ApplyMapChange,0x0802c33c
AddMapChangeTrap,0x0802c3a8
sub_802C2A8,0x0802c3bc
UnitHideIfUnderRoof,0x0802c3ea
sub_802C300,0x0802c418
sub_802C360,0x0802c478
sub_802C380,0x0802c498
sub_802C3C4,0x0802c4dc
sub_802C444,0x0802c55c
sub_802C4AC,0x0802c5c4
sub_802C518,0x0802c630
sub_802C618,0x0802c734
sub_802C63C,0x0802c75c
sub_802C664,0x0802c788
sub_802C680,0x0802c7a4
sub_802C68C,0x0802c7b0
DecayTraps,0x0802c834
GetTrap,0x0802c900
DoItemHealStaffAction,0x0802c90c
sub_802C86C,0x0802c994
sub_802C8A8,0x0802c9d0
sub_802C8EC,0x0802ca14
sub_802CB14,0x0802cc3c
sub_802CB8C,0x0802ccb4
sub_802CB9C,0x0802ccc4
sub_802CBC8,0x0802ccf0
sub_802CC2C,0x0802cd54
sub_802CCDC,0x0802ce04
sub_802CD54,0x0802ce7c
sub_802CD94,0x0802cebc
sub_802CDEC,0x0802cf14
sub_802CE54,0x0802cf7c
sub_802CEB8,0x0802cfe0
sub_802CF24,0x0802d04c
sub_802CF60,0x0802d088
sub_802CFA4,0x0802d0cc
sub_802CFE4,0x0802d10c
sub_802D06C,0x0802d194
sub_802D128,0x0802d250
sub_802D148,0x0802d270
sub_802D1E8,0x0802d310
sub_802D388,0x0802d4ac
sub_802D3CC,0x0802d4f0
sub_802D40C,0x0802d530
sub_802D440,0x0802d564
sub_802D4CC,0x0802d5f0
ApplyStatusChange,0x0802d83c
BmVSync_TsImgAnim,0x0802d870
BmVSync_TsPalAnim,0x0802d8b8
BmVSync_AnimInit,0x0802d908
BmVSync_End,0x0802d94c
BmVSync_Repeat,0x0802d958
StartBmVSync,0x0802d964
LockBmDisplay,0x0802d998
UnlockBmDisplay,0x0802d9cc
sub_802D930,0x0802da54
sub_802D948,0x0802da6c
sub_802D9C0,0x0802dae4
sub_802DA80,0x0802dba4
sub_802DAE4,0x0802dc08
sub_802DB64,0x0802dc88
sub_802DBD4,0x0802dcf8
sub_802DC30,0x0802dd54
sub_802DCEC,0x0802de10
sub_802DD64,0x0802de8a
sub_802DDB8,0x0802dee0
sub_802DE00,0x0802df28
ApplyFlamesWeatherGradient,0x0802df6c
sub_802DEC4,0x0802dfec
sub_802DF54,0x0802e07c
sub_802DFB8,0x0802e0e0
sub_802DFC8,0x0802e0f0
sub_802E0CC,0x0802e1f4
sub_802E0DC,0x0802e204
sub_802E144,0x0802e26c
sub_802E1EC,0x0802e314
sub_802E2F8,0x0802e420
DisableTilesetPalAnim,0x0802e438
EnableTilesetPalAnim,0x0802e454
sub_802E368,0x0802e490
GetTextPrintDelay,0x0802e4a8
IsFirstPlaythrough,0x0802e4d4
ResetBmSt,0x0802e5d8
StartBattleMap,0x0802e604
RestartBattleMap,0x0802e6d0
BMapDispResume_FromBattleDelayed,0x0802e8f0
InitMoreBMapGraphics,0x0802e914
RefreshBMapGraphics,0x0802e944
StartMapMain,0x0802e958
ResumeMapMainDuringPhase,0x0802eae0
ResumeMapMainDuringAction,0x0802eb1c
ResumeMapMainDuringBerserk,0x0802eb9c
ResumeMapMainDuringArena,0x0802ebd8
ResumeMapMainDuringPhaseChange,0x0802ec54
sub_802EB7C,0x0802ec90
sub_802EBA0,0x0802ecb4
GetTacticianName,0x0802ecc4
SetTacticianName,0x0802eccc
sub_802EBD4,0x0802ece8
sub_802EBF8,0x0802ed0c
GetConvoyItemCount,0x0802ed52
AddItemToConvoy,0x0802ed74
RemoveItemFromConvoy,0x0802edac
sub_802ECE4,0x0802edfc
GetSupplyUnit,0x0802ee7c
InitUnitStack,0x0802eeb8
PushUnit,0x0802eed4
LoadPlayerUnitsFromUnitStack,0x0802ef08
LoadPlayerUnitsFromUnitStack2,0x0802ef48
sub_802EE6C,0x0802ef88
sub_802EF4C,0x0802f068
sub_802EF68,0x0802f084
sub_802EF8C,0x0802f0a8
sub_802EFB8,0x0802f0d4
sub_802EFE4,0x0802f100
sub_802F0C8,0x0802f1ec
sub_802F0E4,0x0802f208
sub_802F240,0x0802f364
sub_802F2E0,0x0802f404
sub_802F578,0x0802f696
sub_802F5C4,0x0802f6e4
sub_802F64C,0x0802f768
sub_802F6A0,0x0802f7bc
sub_802F6E4,0x0802f800
sub_802F7F4,0x0802f910
sub_802F848,0x0802f964
sub_802F858,0x0802f974
sub_802F870,0x0802f98c
sub_802F900,0x0802fa1c
sub_802F92C,0x0802fa48
sub_802F97C,0x0802fa98
sub_802F990,0x0802faac
sub_802F9E0,0x0802fafc
sub_802FA0C,0x0802fb28
sub_802FAB4,0x0802fbd0
sub_802FB5C,0x0802fc78
sub_802FC10,0x0802fd30
sub_802FC20,0x0802fd40
sub_802FD04,0x0802fe20
sub_802FD28,0x0802fe44
sub_802FD68,0x0802fe84
sub_802FD88,0x0802fea4
sub_802FE20,0x0802ff3c
sub_802FE2C,0x0802ff48
sub_802FE70,0x0802ff8c
sub_802FF34,0x08030058
sub_802FF60,0x08030084
sub_802FF80,0x080300a4
sub_802FF94,0x080300b8
sub_8030038,0x08030160
sub_80300BC,0x080301e4
sub_803012C,0x08030254
sub_803022C,0x08030354
sub_80302D0,0x080303fc
sub_8030314,0x08030440
sub_80303BC,0x080304f4
sub_8030448,0x08030580
sub_80306D4,0x08030814
sub_8030718,0x08030858
sub_80307D4,0x08030914
sub_8030814,0x08030954
sub_8030870,0x080309b0
sub_803087C,0x080309bc
sub_8030890,0x080309d0
PrepMapMenu_OnStartPress,0x08030a08
PrepMapMenu_OnBPress,0x08030a18
sub_8030948,0x08030a90
sub_8030988,0x08030acc
PrepScreenProc_InitMapMenu,0x08030b2c
sub_8030A14,0x08030b3c
sub_8030A30,0x08030b58
sub_8030A5C,0x08030b84
sub_8030AB8,0x08030bec
StartPrepHelpPrompt,0x08030c94
PrepMapMenu_OnEnd,0x08030ca8
sub_8030C68,0x08030d9c
sub_8030C88,0x08030dbc
sub_8030CB0,0x08030de4
sub_8030CCC,0x08030e00
sub_8030CEC,0x08030e20
sub_8030D08,0x08030e3c
sub_8030D88,0x08030ebc
sub_8030DFC,0x08030f30
sub_8030E48,0x08030f7c
sub_8030E80,0x08030fb4
sub_80310FC,0x08031230
sub_8031114,0x08031248
sub_8031198,0x080312cc
sub_80312E8,0x0803141c
sub_8031318,0x0803144c
sub_80313A0,0x080314d4
sub_80313B8,0x080314ec
sub_80313D4,0x08031508
sub_80313E8,0x0803151c
sub_8031440,0x08031574
sub_803157C,0x080316b0
sub_8031594,0x080316c8
sub_8031610,0x08031744
sub_8031634,0x08031768
EndPrepScreen,0x08031800
PrepScreenExists,0x08031878
sub_8031758,0x08031890
sub_80317EC,0x08031924
sub_803186C,0x080319a4
sub_80318B4,0x080319ec
sub_80318D0,0x08031a08
sub_80318EC,0x08031a24
sub_8031958,0x08031a90
sub_8031994,0x08031acc
sub_8031B6C,0x08031c20
sub_8031BF8,0x08031cac
sub_8031C24,0x08031cd8
sub_8031C6C,0x08031d20
sub_8031E8C,0x08031f58
sub_8031FAC,0x08032090
sub_8031FD0,0x080320b4
sub_80320D8,0x080321c4
sub_80321EC,0x080322d8
sub_803232C,0x08032418
sub_8032340,0x0803242c
sub_803238C,0x08032478
sub_80323AC,0x08032498
sub_8032420,0x0803250c
sub_8032434,0x08032520
sub_803248C,0x08032578
sub_80324AC,0x08032598
sub_803252C,0x08032618
sub_803255C,0x08032648
sub_8032594,0x08032680
sub_803264C,0x08032738
sub_8032710,0x080327fc
sub_8032748,0x08032834
sub_803280C,0x080328f8
InitSubtitleHelpText,0x0803295c
sub_80329A0,0x08032a90
sub_80329D4,0x08032ac8
sub_8032A00,0x08032af4
sub_8032A20,0x08032b14
sub_8032A44,0x08032b38
StartSubtitleHelp,0x08032b84
sub_8032B4C,0x08032c4c
sub_8032C40,0x08032d58
sub_8032CA0,0x08032db8
sub_8032CDC,0x08032df4
sub_8032CF4,0x08032e0c
ApplyHazardHealing,0x08032e44
sub_8032D68,0x08032e80
BeginUnitHealAnim,0x08032ea0
sub_8032DD0,0x08032ee8
sub_8032EA0,0x08032fb8
sub_8032EF8,0x08033010
sub_8032F90,0x080330a8
sub_80330DC,0x080331f0
sub_8033134,0x08033248
sub_8033148,0x0803325c
sub_803315C,0x08033270
sub_8033170,0x08033284
sub_8033224,0x08033338
sub_8033254,0x08033368
sub_8033280,0x08033394
StartStatusHealEffect,0x08033418
TerrainHealDisplay_Init,0x0803345c
MassEffectDisplay_Check,0x0803348c
MassEffectDisplay_Watch,0x08033514
TerrainHealDisplay_Display,0x08033538
FinishDamageDisplay,0x0803357c
TerrainHealDisplay_Next,0x080335a8
PoisonDamageDisplay_Init,0x080335f4
sub_8033518,0x0803362c
sub_8033544,0x08033658
sub_80335B4,0x080336c8
sub_80335D8,0x080336ec
sub_8033624,0x08033738
sub_8033648,0x0803375c
sub_8033650,0x08033764
sub_80336E0,0x080337f4
sub_8033710,0x08033824
sub_8033820,0x08033934
sub_80338B8,0x080339cc
sub_803397C,0x08033aa4
sub_80339C0,0x08033ae8
sub_8033A04,0x08033b2c
sub_8033A38,0x08033b60
DrawBattleForecastContentsStandard,0x08033cac
sub_8033D60,0x08033ec8
DrawBattleForecastContents,0x08034110
InitBattleForecastFramePalettes,0x0803418c
sub_8034070,0x080341dc
sub_8034100,0x0803426c
PutBattleForecastWeaponTriangleArrows,0x080342f8
PutBattleForecastMultipliers,0x0803439c
UpdateBattleForecastEffectivenessPalettes,0x08034438
BattleForecast_LoopDisplay,0x080344ac
BattleForecast_OnNewBattle,0x08034518
BattleForecast_LoopSlideIn,0x0803455c
BattleForecast_LoopSlideOut,0x08034640
Bksel_WaitMapEventEngine,0x08034724
NewBattleForecast,0x08034740
UpdateBattleForecastContents,0x080347a8
CloseBattleForecast,0x080347d0
StartBattleForecastHelpBox,0x0803480c
GetBkselHelpBoxMsg,0x0803488a
HbPopulate_BkselWTriEffA,0x080348b0
HbPopulate_BkselWTriEffB,0x080348e0
RegisterTrapDeathBWL,0x08034910
ExecFireTileTrapAnim1,0x0803492c
ExecFireTileTrapAnim2,0x08034944
ApplyTrapDamageAnim,0x0803495c
ApplyTrapDamageReal,0x080349bc
GetPickTrapType,0x08034a04
ExecTrap,0x08034a7c
HandlePostActionTraps,0x08034b68
ExecTrapAfterWarp,0x08034bc0
ExecTrapAfterDropAction,0x08034be4
ExecTrapAfterDeathDrop,0x08034c24
sub_8034B70,0x08034ce0
sub_8034C18,0x08034d88
sub_8034C48,0x08034db8
sub_8034C80,0x08034df0
sub_8034CBC,0x08034e2e
sub_8034D34,0x08034eb8
sub_8034D3C,0x08034ec0
sub_8034D5C,0x08034eea
AiPhase_Begin,0x08034f44
sub_8034E24,0x08034fb0
sub_8034E84,0x08035010
sub_8034E94,0x08035020
sub_8034EBC,0x08035048
sub_8034F64,0x080350f0
sub_8034FA4,0x08035130
sub_8035044,0x080351d0
sub_80350BC,0x08035248
sub_803515C,0x080352e8
sub_80351C8,0x08035354
sub_8035208,0x08035398
sub_8035308,0x08035498
AiSetDecision,0x080354b8
sub_803536C,0x080354fc
sub_80353B4,0x08035544
sub_8035418,0x080355a8
sub_80354C8,0x0803565c
sub_803551C,0x080356b0
sub_8035578,0x0803570c
sub_80355BC,0x08035750
sub_80355E4,0x08035778
sub_803569C,0x08035830
sub_8035714,0x080358a8
sub_803576C,0x08035900
sub_8035870,0x08035a00
sub_80358F8,0x08035a88
sub_8035930,0x08035ac0
sub_8035968,0x08035af8
sub_80359AC,0x08035b3c
sub_80359D4,0x08035b64
sub_80359FC,0x08035b8c
sub_8035BEC,0x08035d7c
sub_8035C30,0x08035dc0
sub_8035C6C,0x08035dfc
sub_8035C90,0x08035e20
sub_8035CC4,0x08035e54
sub_8035D74,0x08035f0c
sub_8035E64,0x08035ffc
sub_8035F10,0x080360a8
sub_803602C,0x080361c4
sub_8036148,0x080362e0
AiReachesByBirdsEyeDistance,0x080363c0
sub_803627C,0x08036414
sub_80362E4,0x0803647e
sub_8036300,0x0803649e
sub_803631C,0x080364bc
sub_8036420,0x080365c0
sub_8036478,0x08036618
sub_80365C0,0x08036760
sub_80367F4,0x08036994
sub_8036868,0x08036a08
sub_80368E4,0x08036a84
sub_8036960,0x08036b00
sub_80369EC,0x08036b8c
sub_8036A88,0x08036c28
sub_8036B28,0x08036cc8
sub_8036BC8,0x08036d68
sub_8036C48,0x08036de8
sub_8036CE8,0x08036e88
sub_8036D64,0x08036f04
sub_8036D98,0x08036f38
sub_8036DD8,0x08036f78
sub_8036ECC,0x0803706c
sub_8036F64,0x08037104
AiTryMoveTowards,0x08037178
sub_80371C4,0x08037364
sub_80374F8,0x080376bc
sub_8037530,0x080376f4
sub_803757C,0x08037740
sub_80375C0,0x08037784
SetupUnitInventoryAIFlags,0x080377d4
sub_80376CC,0x08037890
sub_8037714,0x080378d8
sub_8037760,0x08037924
sub_8037834,0x080379f4
sub_8037914,0x08037ad4
sub_8037960,0x08037b20
sub_80379FC,0x08037bbc
sub_8037A40,0x08037c00
sub_8037AC0,0x08037c80
sub_8037AFC,0x08037cbc
sub_8037B50,0x08037d10
sub_8037B8C,0x08037d4c
sub_8037BF8,0x08037db8
sub_8037C9C,0x08037e5c
sub_8037CCC,0x08037e8c
sub_8037D3C,0x08037efc
sub_8037DC8,0x08037f88
sub_8037E0C,0x08037fd4
sub_8037E54,0x0803801c
sub_8037E9C,0x08038064
sub_8037EDC,0x080380a4
sub_8037F1C,0x080380e4
sub_8037FB4,0x0803817c
sub_8038024,0x080381ec
sub_803802C,0x080381f4
sub_803808C,0x08038254
sub_80380DC,0x080382a4
sub_80380F8,0x080382c0
sub_8038114,0x080382dc
sub_803817C,0x08038344
sub_8038238,0x08038400
sub_8038240,0x08038408
sub_8038284,0x0803844c
sub_803837C,0x08038544
sub_80383C0,0x08038588
sub_8038440,0x08038608
sub_80384C0,0x08038688
sub_80384C8,0x08038690
sub_80384D0,0x08038698
sub_8038508,0x080386d0
sub_803855C,0x08038724
sub_80386CC,0x08038894
sub_80387D0,0x08038998
sub_8038894,0x08038a5c
sub_8038910,0x08038ad8
sub_803898C,0x08038b54
sub_80389A0,0x08038b68
sub_80389C0,0x08038b88
sub_80389FC,0x08038bc4
sub_8038A0C,0x08038bd4
sub_8038C64,0x08038e38
AiFillReversedAttackRangeMap,0x08038ffc
sub_8038E6C,0x08039050
AiAttemptBallistaCombat,0x08039114
sub_80390A0,0x08039284
sub_8039258,0x08039440
AiSimulateBestBallistaBattleAgainstTarget,0x08039500
sub_80393EC,0x080395d8
sub_8039458,0x08039644
sub_80394C4,0x080396b0
sub_8039524,0x08039712
sub_8039638,0x08039830
sub_8039698,0x08039892
sub_80396D0,0x080398ce
sub_80396F4,0x080398f4
sub_8039768,0x08039968
sub_80397B8,0x080399b8
sub_80397F8,0x080399f8
sub_8039870,0x08039a70
sub_803989C,0x08039a9c
sub_80399E8,0x08039bec
AiUpdateUnitsSeekHealing,0x08039dbc
sub_8039C10,0x08039e14
sub_8039C90,0x08039e94
sub_8039D48,0x08039f4c
sub_8039DF0,0x08039ff4
sub_803A10C,0x0803a320
sub_803A158,0x0803a36c
sub_803A1B8,0x0803a3d0
sub_803A1FC,0x0803a414
sub_803A228,0x0803a440
sub_803A254,0x0803a46c
sub_803A28C,0x0803a4a4
sub_803A3B0,0x0803a5c8
sub_803A414,0x0803a62c
sub_803A544,0x0803a75e
sub_803A8A4,0x0803aac8
sub_803A8D4,0x0803aaf8
sub_803A904,0x0803ab28
sub_803A98C,0x0803abb0
sub_803AA40,0x0803ac68
sub_803AA70,0x0803ac98
sub_803AB34,0x0803ad5c
sub_803AB70,0x0803ad98
sub_803ABD0,0x0803adfc
sub_803AC08,0x0803ae34
sub_803ACDC,0x0803af0c
sub_803AD28,0x0803af58
sub_803AD78,0x0803afa8
sub_803AEF4,0x0803b124
sub_803AF14,0x0803b144
sub_803AF24,0x0803b154
sub_803AF8C,0x0803b1bc
sub_803B034,0x0803b264
sub_803B104,0x0803b334
sub_803B27C,0x0803b4ac
sub_803B44C,0x0803b67c
sub_803B558,0x0803b788
sub_803B6B0,0x0803b8e0
sub_803B7F4,0x0803ba24
sub_803B84C,0x0803ba7c
sub_803B8A0,0x0803bad0
sub_803BA2C,0x0803bc5c
sub_803BBB0,0x0803bde0
sub_803BCF0,0x0803bf20
sub_803BE78,0x0803c0a8
sub_803BECC,0x0803c0fc
sub_803BF5C,0x0803c18c
sub_803BFF4,0x0803c224
sub_803C0DC,0x0803c30c
sub_803C144,0x0803c374
sub_803C19C,0x0803c3cc
sub_803C1F0,0x0803c420
sub_803C218,0x0803c448
sub_803C2B8,0x0803c4e8
sub_803C2F0,0x0803c520
sub_803C320,0x0803c550
sub_803C354,0x0803c584
sub_803C384,0x0803c5b4
sub_803C3B4,0x0803c5e4
sub_803C3E4,0x0803c614
sub_803C414,0x0803c644
sub_803C440,0x0803c670
sub_803C474,0x0803c6a4
sub_803C4A8,0x0803c6d8
sub_803C4D8,0x0803c708
sub_803C50C,0x0803c73c
sub_803C540,0x0803c770
AiMapFloodRangeFrom,0x0803c7e0
SioPollingMsg,0x0803c814
GetSioIndex,0x0803c934
sub_803C710,0x0803c944
sub_803C748,0x0803c97c
sub_803C8C8,0x0803cafc
SioRegisterIrq,0x0803cb64
sub_803C9AC,0x0803cbe0
sub_803CA0C,0x0803cc40
sub_803CC50,0x0803ce80
sub_803CD9C,0x0803cfcc
sub_803CDC0,0x0803cff0
sub_803CDF8,0x0803d028
sub_803D174,0x0803d3a4
sub_803D1A0,0x0803d3d0
sub_803D214,0x0803d44c
sub_803D298,0x0803d4d4
sub_803D2E4,0x0803d520
SioSend16,0x0803d7d0
sub_803D724,0x0803d95c
sub_803D7CC,0x0803da04
sub_803D95C,0x0803db94
sub_803D9B0,0x0803dbe8
sub_803D9C0,0x0803dbf8
sub_803DA34,0x0803dc6c
sub_803DAAC,0x0803dce4
sub_803DB24,0x0803dd5c
sub_803DB38,0x0803dd70
sub_803DB98,0x0803ddd0
sub_803DC08,0x0803de40
sub_803DC30,0x0803de68
sub_803DC74,0x0803deac
sub_803DD20,0x0803df58
sub_803DDA0,0x0803dfd8
SioStrCpy,0x0803e032
SioDrawNumber,0x0803e050
SioInit,0x0803e074
SioPollingMsgAndAck,0x0803e094
CheckInLinkArena,0x0803e100
sub_803DED4,0x0803e110
sub_803DEE0,0x0803e11c
sub_803DF20,0x0803e15c
sub_803DF80,0x0803e1bc
sub_803DF94,0x0803e1d0
sub_803DFC0,0x0803e1fc
sub_803E01C,0x0803e258
sub_803E038,0x0803e274
sub_803E078,0x0803e2b4
sub_803E080,0x0803e2bc
sub_803E0D8,0x0803e314
sub_803E13C,0x0803e378
sub_803E1A0,0x0803e3dc
sub_803E1F0,0x0803e42c
SioPlaySoundEffect,0x0803e484
sub_803E280,0x0803e4bc
sub_803E330,0x0803e56c
sub_803E344,0x0803e580
sub_803E394,0x0803e5d4
sub_803E4EC,0x0803e734
sub_803E564,0x0803e7ac
sub_803E7F4,0x0803ea58
sub_803EB44,0x0803edfc
sub_803EBA8,0x0803ee60
sub_803ED34,0x0803efec
sub_803EDC4,0x0803f080
sub_803F2C4,0x0803f582
sub_803F2DC,0x0803f59c
sub_803F364,0x0803f624
sub_803F454,0x0803f734
sub_803F554,0x0803f834
GetTacticianTextConf,0x0803f854
sub_803F584,0x0803f864
TacticianDrawCharacters,0x0803fa04
SioUpdateTeam,0x0803fca4
sub_803FA38,0x0803fd24
SaveTactician,0x0803fe68
sub_804005C,0x08040158
sub_804009C,0x08040198
sub_80400C8,0x080401c4
sub_8040148,0x08040264
sub_8040230,0x0804034c
sub_8040244,0x08040360
sub_80404E0,0x080405ec
sub_8040530,0x0804063c
sub_80405B8,0x080406c4
sub_804065C,0x08040768
sub_8040850,0x08040998
sub_8040944,0x08040a88
sub_804097C,0x08040ac0
sub_8040B54,0x08040c94
sub_8040CC8,0x08040e0c
sub_8040D40,0x08040e84
sub_8040F78,0x08041110
sub_8040FC0,0x08041158
sub_80411E8,0x08041380
sub_8041328,0x080414c0
sub_80413FC,0x08041598
sub_80414B0,0x08041648
sub_8041504,0x080416a0
sub_80415D4,0x08041770
sub_8041758,0x080418f4
sub_80419BC,0x08041ba4
sub_80419C8,0x08041bb0
sub_8041C74,0x08041e94
sub_8041D00,0x08041f20
sub_8041D7C,0x08041f9c
sub_8041DC4,0x08041fe4
sub_8041DE0,0x08042000
sub_8041DFC,0x0804201c
sub_8041E58,0x0804207c
sub_8041E68,0x0804208e
sub_8041EA8,0x080420d0
sub_8041F70,0x0804219c
sub_8042224,0x080424a0
sub_8042320,0x0804259e
sub_804259C,0x08042870
sub_8042658,0x0804292c
sub_80426F8,0x080429d4
sub_8042944,0x08042c68
sub_8042A6C,0x08042d94
sub_8042ACC,0x08042df8
sub_8042B08,0x08042e34
sub_8042C88,0x0804304c
sub_8042D34,0x080430f8
sub_8042F5C,0x080433b8
sub_8043168,0x08043590
sub_804321C,0x08043644
sub_8043290,0x080436b8
StartNameSelect,0x08043738
StartTacticianNameSelect,0x08043758
sub_80434C8,0x080438b0
sub_8043510,0x080438f8
sub_8043588,0x08043970
sub_80435D0,0x080439b8
sub_8043640,0x08043a28
sub_80436B0,0x08043a98
sub_8043728,0x08043b10
sub_8043780,0x08043b68
sub_80438FC,0x08043c54
sub_8043918,0x08043c70
FE6Link_CallBack,0x08043cc4
sub_8044998,0x08043d98
sub_8044AD0,0x08043eec
sub_8044B0C,0x08043f28
sub_8044BD8,0x08043ff8
sub_8044D14,0x08044138
sub_8044D78,0x0804419c
sub_8044DC0,0x080441e4
sub_8044E2C,0x08044250
sub_8044EC4,0x080442ec
sub_8044EDC,0x08044304
sub_8044F08,0x08044330
sub_8045024,0x0804444c
sub_804513C,0x08044564
sub_80452DC,0x0804470e
sub_80452F8,0x0804472e
sub_8045314,0x0804474c
sub_8045374,0x080447b0
sub_8045388,0x080447c4
sub_8045400,0x08044844
sub_804551C,0x08044964
sub_80455BC,0x08044a08
sub_804561C,0x08044a68
sub_80456C8,0x08044b18
sub_804572C,0x08044b7c
sub_8045764,0x08044bb4
sub_80457C0,0x08044c20
sub_80457EC,0x08044c4c
sub_8045848,0x08044ca8
sub_8045914,0x08044d74
sub_80459EC,0x08044e50
sub_8045B40,0x08044fa8
sub_8045CAC,0x08045118
sub_8045CEC,0x08045158
sub_8045D2C,0x08045198
sub_8045D44,0x080451b0
sub_8045F70,0x080453dc
sub_8045F7C,0x080453e8
sub_804614C,0x080455b8
sub_804619C,0x08045608
sub_80461DC,0x08045648
sub_80462A4,0x08045710
sub_8046424,0x08045890
sub_8046440,0x080458ac
sub_8046594,0x08045a04
sub_8046604,0x08045a74
sub_8046694,0x08045b04
sub_8046900,0x08045d74
sub_8046990,0x08045e04
sub_8046A74,0x08045ee8
sub_8046AE4,0x08045f5c
sub_8046BB0,0x08046030
sub_8046C4C,0x080460cc
sub_8046CA4,0x08046128
sub_8046D80,0x08046204
sub_8046DE8,0x0804626c
sub_8046E5C,0x080462e0
sub_8046EB0,0x08046334
sub_8046F18,0x0804639c
sub_8046F48,0x080463cc
sub_804717C,0x08046600
sub_80471AC,0x08046630
sub_804723C,0x080466c0
sub_8047264,0x080466e8
sub_8047330,0x080467b4
sub_8047354,0x080467d8
sub_8047374,0x080467f8
sub_80473AC,0x08046830
sub_80473E0,0x08046864
sub_8047424,0x080468a8
sub_80474BC,0x08046940
sub_80474F8,0x0804697c
sub_8047584,0x08046a08
sub_80475D0,0x08046a4c
sub_8047658,0x08046ad4
sub_8047664,0x08046ae0
sub_8047678,0x08046af4
sub_80476A0,0x08046b1c
sub_80476F0,0x08046b6c
sub_8047768,0x08046be4
sub_8047784,0x08046c00
sub_80477D4,0x08046c50
sub_8047854,0x08046cd0
sub_80478A4,0x08046d20
FE6Link_Init,0x08046d2c
sub_8047930,0x08046db0
sub_8047948,0x08046dc8
sub_8047970,0x08046df0
sub_8047AE0,0x08046f60
sub_8047B2C,0x08046fb0
sub_8047BC4,0x08047048
sub_8047CB4,0x08047138
sub_8047D5C,0x080471e4
sub_8047D80,0x08047208
sub_8047E0C,0x08047294
sub_8047FA0,0x08047424
sub_8047FD4,0x08047458
sub_8048020,0x080474a4
sub_804812C,0x080475b4
sub_804815C,0x080475e4
sub_804816C,0x080475f4
sub_8048178,0x08047600
sub_804819C,0x08047624
sub_80481BC,0x08047644
sub_80481C8,0x08047650
sub_80481EC,0x08047674
sub_8048244,0x080476cc
sub_804829C,0x08047724
sub_80482C0,0x08047748
sub_80482D0,0x08047758
sub_8048300,0x08047788
sub_8048320,0x080477a8
sub_80483C0,0x08047848
sub_80484A4,0x08047920
sub_804854C,0x080479d4
sub_804856C,0x080479f4
sub_80485A0,0x08047a28
sub_80485EC,0x08047a74
sub_804873C,0x08047bd8
sub_8048758,0x08047bf4
sub_8048778,0x08047c14
sub_8048794,0x08047c30
sub_80487E4,0x08047c80
sub_8048944,0x08047e00
sub_80489B4,0x08047e70
sub_80489C8,0x08047e84
sub_80489D0,0x08047e8c
sub_8048A2C,0x08047ee8
sub_8048A84,0x08047f40
sub_8048CF0,0x080481ac
sub_8048D98,0x08048254
sub_8048E18,0x080482d4
sub_8048E60,0x0804831c
sub_8048E7C,0x08048338
sub_8048ED0,0x0804838c
sub_8049004,0x080484bc
sub_804901C,0x080484d4
sub_8049090,0x08048548
sub_80490B4,0x0804856c
sub_80490BC,0x08048574
sub_80490F4,0x080485ac
sub_8049208,0x080486c4
sub_80493CC,0x0804888c
sub_8049438,0x080488f8
sub_80495C8,0x08048b30
sub_80495DC,0x08048b46
sub_80495F4,0x08048b60
sub_8049610,0x08048b7c
sub_8049664,0x08048bd0
sub_804984C,0x08048db8
sub_80498AC,0x08048e18
sub_80498BC,0x08048e28
sub_804990C,0x08048e78
sub_8049960,0x08048ecc
sub_80499AC,0x08048f18
sub_80499D8,0x08048f44
sub_8049A44,0x08048fd0
sub_8049A68,0x08048ff4
sub_8049AB4,0x08049042
sub_8049AD4,0x08049064
sub_8049AE8,0x08049078
sub_8049B4C,0x080490dc
sub_8049B5C,0x080490ec
sub_8049BD0,0x08049160
sub_8049C0C,0x0804919c
sub_8049FF8,0x0804958c
sub_804A044,0x080495d8
sub_804A12C,0x080496c0
sub_804A13C,0x080496d0
sub_804A228,0x080497bc
sub_804A240,0x080497d4
PutUiWindowFrame,0x080498f4
DrawUiFrame2,0x08049a60
PutUiHand,0x08049cd4
DisplayFrozenUiHand,0x08049d80
GetUiHandPrevX,0x08049da4
GetUiHandPrevY,0x08049db0
ClearUi,0x08049dbc
sub_804A84C,0x08049de0
sub_804A8B0,0x08049e44
sub_804A930,0x08049ec4
DisplayUiHandExt,0x08049ef0
DisplayFrozenUiHandExt,0x08049f64
UnpackUiWindowFrameGraphics,0x08049f8c
StartAdjustedMenu,0x08049fa0
StartLockingMenu,0x08049fd0
StartMenuExt,0x08049fe0
StartMenu,0x08049fec
StartLockingMenuExt,0x08049ffc
sub_804AC90,0x0804a224
sub_804ACC8,0x0804a25a
sub_804AE18,0x0804a3b8
sub_804AF18,0x0804a4b8
sub_804B0E4,0x0804a680
sub_804B130,0x0804a6c8
sub_804B1B0,0x0804a748
sub_804B1C0,0x0804a758
sub_804B210,0x0804a7a8
sub_804B244,0x0804a7dc
sub_804B390,0x0804a930
sub_804B3D0,0x0804a970
sub_804B3F8,0x0804a998
sub_804B428,0x0804a9c8
sub_804B464,0x0804aa04
BeginTargetList,0x0804aa5c
EnlistTarget,0x0804aa74
sub_804B52C,0x0804aac8
sub_804B574,0x0804ab10
sub_804B664,0x0804abfc
sub_804B824,0x0804adc0
sub_804B884,0x0804ae20
sub_804B928,0x0804aec4
sub_804B938,0x0804aed4
sub_804B950,0x0804aeec
sub_804B95C,0x0804aef8
SetBanimLinkArenaFlag,0x0804af0c
GetBanimLinkArenaFlag,0x0804af18
NewEkrBattleDeamon,0x0804af24
EndEkrBattleDeamon,0x0804af50
EkrBattleDeamon_OnEnd,0x0804af80
NewEkrBattle,0x0804af98
MainUpdateEkrBattle,0x0804b0a8
EkrBattle_Main,0x0804b1c0
EkrBattleStartBattleQuote,0x0804b214
EkrBattleWaitBattleQuote,0x0804b2b0
EkrBattleWaitWindowAppear,0x0804b2f4
EkrBattlePreDragonIntro,0x0804b318
EkrBattleExecDragonIntro,0x0804b334
EkrBattleWaitDragonIntro,0x0804b3a4
EkrBattlePostDragonIntro,0x0804b3c4
sub_804BE68,0x0804b412
sub_804BE84,0x0804b430
sub_804BED8,0x0804b484
sub_804BF0C,0x0804b4b8
sub_804C008,0x0804b5c0
sub_804C130,0x0804b6e8
sub_804C144,0x0804b6fc
sub_804C1C8,0x0804b780
sub_804C20C,0x0804b7c4
sub_804C440,0x0804ba84
sub_804C4AC,0x0804baf0
sub_804C588,0x0804bbcc
EkrBattleLvupHanlder,0x0804bc50
EkrBattleExecEkrLvup,0x0804bd38
EkrBattleWaitLvup,0x0804bd70
EkrBattleExecPopup,0x0804bd94
EkrBattleWaitPopup,0x0804bdac
EkrBattlePrepareEnding,0x0804bdd0
EkrBattleStartDragonEnding,0x0804be0c
EkrBattlePostDragonEnding,0x0804be9c
EkrLvupFanMain,0x0804bef4
sub_804C8F4,0x0804bf3c
sub_804C944,0x0804bf8c
NewEkrGauge,0x0804bff4
EndEkrGauge,0x0804c2d8
EkrGauge_0804CC28,0x0804c2ec
EkrGauge_0804CC38,0x0804c2fc
EkrGauge_0804CC48,0x0804c30c
EkrGauge_0804CC58,0x0804c31c
EkrGauge_0804CC68,0x0804c32c
EkrGauge_0804CC78,0x0804c33c
EkrGauge_0804CC8C,0x0804c350
EkrGauge_SetInitFlag,0x0804c364
EkrGauge_ClrInitFlag,0x0804c374
EnableEkrGauge,0x0804c384
DisableEkrGauge,0x0804c394
ekrGaugeMain,0x0804c3f0
sub_804D13C,0x0804c814
NewEkrDispUP,0x0804cc14
EndEkrDispUP,0x0804cc44
EkrDispUP_0804D584,0x0804cc58
EkrDispUP_0804D594,0x0804cc68
EkrDispUP_0804D5A4,0x0804cc78
EkrDispUP_0804D5B4,0x0804cc88
EkrDispUP_SetPositionUnsync,0x0804cc98
EkrDispUP_SetPositionSync,0x0804ccac
SyncEkrDispUP,0x0804ccc0
UnsyncEkrDispUP,0x0804ccd0
AsyncEkrDispUP,0x0804cce0
UnAsyncEkrDispUP,0x0804ccf0
ekrDispUPMain,0x0804cd00
sub_804D738,0x0804ce0c
sub_804D894,0x0804cf68
EfxPrepareScreenFx,0x0804d084
EkrEfxStatusClear,0x0804d37c
CheckEkrHitDone,0x0804d426
NewEfxHPBar,0x0804d45c
sub_804DE4C,0x0804d528
sub_804DF64,0x0804d640
sub_804E004,0x0804d6e0
sub_804E048,0x0804d724
sub_804E128,0x0804d804
sub_804E28C,0x0804d968
NewEfxAvoid,0x0804dabc
sub_804E458,0x0804db34
sub_804E474,0x0804db50
sub_804E54C,0x0804dc28
NewEfxNoDmage,0x0804dce0
sub_804E658,0x0804dd38
sub_804E6AC,0x0804dd8c
sub_804E6D0,0x0804ddb0
sub_804E7AC,0x0804de8c
sub_804E7D8,0x0804deb8
sub_804E7F4,0x0804ded4
sub_804E81C,0x0804defc
sub_804E89C,0x0804df7c
sub_804E8CC,0x0804dfac
sub_804E944,0x0804e024
sub_804E9A8,0x0804e088
sub_804E9D0,0x0804e0b0
sub_804EA10,0x0804e0f0
sub_804EA54,0x0804e134
sub_804EAC4,0x0804e1a4
sub_804EB48,0x0804e228
sub_804EBC0,0x0804e2a0
sub_804ED88,0x0804e46c
sub_804EDB8,0x0804e49c
sub_804EE24,0x0804e50c
sub_804EEB8,0x0804e5a0
NewEfxQuakePure,0x0804e600
NewEfxHitQuake,0x0804e974
NewEfxFlashBgWhite,0x0804ee8c
NewEfxFlashBgRed,0x0804eec8
NewEfxFlashBgBlack,0x0804ef08
NewEfxFlashBgDirectly,0x0804ef40
EfxFlashRestorePalSync,0x0804ef98
NewEfxWhiteOUT,0x0804efac
EfxWhiteOutMain1,0x0804efd0
EfxWhiteOutMain2,0x0804f02c
EfxWhiteOutRestorePalSync,0x0804f09c
NewEfxFlashHPBar,0x0804f0b0
sub_804FA30,0x0804f108
sub_804FAC4,0x0804f19c
sub_804FB58,0x0804f230
EndEfxHPBarColorChange,0x0804f320
sub_804FC5C,0x0804f334
EfxHpBarColorChange_804FC6C,0x0804f344
sub_804FC7C,0x0804f354
NewEfxFlashUnit,0x0804f44c
sub_804FE1C,0x0804f4f8
NewEfxStatusUnit,0x0804f550
EndEfxStatusUnits,0x0804f64c
DisableEfxStatusUnits,0x0804f688
EnableEfxStatusUnits,0x0804f6a8
SetUnitEfxDebuff,0x0804f6c8
GetUnitEfxDebuff,0x0804f6f8
EfxStatusUnitFlashing,0x0804f714
EfxStatusUnit_Loop,0x0804f7b8
sub_80501E4,0x0804f8c0
NewEfxWeaponIcon,0x0804f908
EndProcEfxWeaponIcon,0x0804f950
DisableEfxWeaponIcon,0x0804f96c
EnableEfxWeaponIcon,0x0804f97c
sub_80502B0,0x0804f98c
sub_8050318,0x0804f9f4
sub_8050348,0x0804fa24
sub_80503A0,0x0804fa7e
sub_80503B8,0x0804fa98
sub_80503D4,0x0804fab4
sub_8050438,0x0804fb18
sub_8050478,0x0804fb58
sub_80504F8,0x0804fbd8
sub_8050530,0x0804fc12
sub_8050548,0x0804fc2e
sub_8050560,0x0804fc48
sub_805057C,0x0804fc64
sub_8050604,0x0804fcec
sub_8050654,0x0804fd3c
sub_80506E0,0x0804fdc8
sub_805073C,0x0804fe24
SpellFx_SetBG1Position,0x0804fecc
SpellFx_ClearBG1,0x0804fedc
SpellFx_SetSomeColorEffect,0x0804ff04
StartBattleAnimHitEffectsDefault,0x08050004
sub_805092C,0x08050014
StartBattleAnimHitEffects,0x08050024
StartBattleAnimResireHitEffects,0x080501b0
StartBattleAnimStatusChgHitEffects,0x080502a4
EfxCreateFrontAnim,0x080502e0
EfxCreateBackAnim,0x0805033c
SpellFx_WriteBgMap,0x080503a0
sub_8050D38,0x08050420
SpellFx_RegisterObjGfx,0x0805048c
SpellFx_RegisterObjPal,0x080504b4
SpellFx_RegisterBgGfx,0x080504d0
SpellFx_RegisterBgPal,0x080504f8
sub_8050E2C,0x08050514
sub_8050E58,0x08050540
sub_8050E88,0x08050570
EfxAdvanceFrameLut,0x080505a8
sub_8050F48,0x08050634
sub_8050F74,0x08050664
EfxTmFill,0x08050684
sub_8050FE4,0x080506dc
sub_8050FF0,0x080506e8
NewEfxspdquake,0x080506f4
sub_80510F4,0x080507ec
SetupBanim,0x08050868
BeginAnimsOnBattleAnimations,0x08050878
sub_8051214,0x0805090c
sub_8051288,0x08050980
sub_805129C,0x08050994
sub_80514B8,0x08050bb8
sub_8051558,0x08050c58
sub_80515A0,0x08050ca0
sub_80515DC,0x08050cdc
sub_8051630,0x08050d30
sub_8051690,0x08050d90
sub_80516A8,0x08050da8
sub_8051720,0x08050e20
sub_8051774,0x08050e74
sub_80517D0,0x08050ed0
sub_8051A38,0x0805113c
sub_8051E28,0x0805152c
NewEkrUnitKakudai,0x080515c8
UnitKakudai1,0x0805163c
UnitKakudai2,0x080517cc
sub_805226C,0x08051974
NewEkrWindowAppear,0x08051980
CheckEkrWindowAppearUnexist,0x080519d2
sub_80522DC,0x080519ec
NewEkrNamewinAppear,0x08051a6c
sub_80523E0,0x08051b00
sub_805245C,0x08051b7c
sub_80524A4,0x08051bc6
sub_80524B8,0x08051be0
PrepareBattleGraphicsMaybe,0x08051c54
GetBattleAnimationId_WithUnique,0x08052778
sub_80532F0,0x08052a2c
sub_8053438,0x08052b78
ParseBattleHitToBanimCmd,0x08052bc4
GetBattleAnimCharacterUniquePalIndex,0x08053158
FilterBattleAnimCharacterPalette,0x0805317c
GetAllegienceId,0x080531c6
EkrPrepareBanimfx,0x080531f0
GetBattleAnimRoundTypeFlags,0x0805324a
IsItemDisplayedInBattle,0x080532ac
IsWeaponLegency,0x080532e8
EkrCheckAttackRound,0x08053326
SetBattleScriptted,0x08053364
SetBattleUnscriptted,0x08053370
UpdateBanimFrame,0x08053f70
InitLeftAnim,0x08054284
InitRightAnim,0x080543c8
SwitchAISFrameDataFromBARoundType,0x080544e8
GetAnimAnotherSide,0x08054718
GetAnimRoundType,0x08054734
GetAnimNextRoundType,0x08054754
GetAnimRoundTypeAnotherSide,0x08054774
GetAnimNextRoundTypeAnotherSide,0x08054798
InitMainMiniAnim,0x08054a68
sub_80555E8,0x08054d80
sub_80555F8,0x08054d90
sub_8055614,0x08054dac
EndEfxAnimeDrvProc,0x08054e30
sub_80556A4,0x08054e44
NewEkrUnitMainMini,0x08054e50
sub_80556D8,0x08054e78
sub_80556FC,0x08054e9c
sub_8055718,0x08054eb8
sub_8055AC4,0x08055264
sub_8055AF0,0x08055290
sub_8055B08,0x080552a8
sub_8055CCC,0x0805546c
GetBattleAnimArenaFlag,0x08055478
sub_8055CE4,0x08055484
sub_8055D2C,0x080554cc
sub_8055D44,0x080554e4
sub_8055D58,0x080554f8
sub_8055D7C,0x0805551c
sub_8055D94,0x08055534
sub_8055DA8,0x08055548
sub_8055E30,0x080555d0
sub_8055EA4,0x08055644
sub_8055F08,0x080556a8
sub_8055F1C,0x080556bc
sub_8055F34,0x080556d4
sub_8055F60,0x08055700
sub_8055FC4,0x08055764
sub_8055FF0,0x08055790
sub_8056024,0x080557c4
sub_8056038,0x080557d8
StartSpellAnimation,0x08055810
NewefxRestRST,0x08055844
sub_80560E8,0x08055888
efxRestRSTMain,0x08055898
NewEfxTwobaiRST,0x0805592c
EfxTwobaiRSTMain,0x08055978
NewDummvRST,0x08055998
sub_8056228,0x080559c8
DummvRSTMain,0x080559d8
NewEfxRestWIN,0x08055a24
EfxRestWINMain,0x08055ab4
NewEfxRestWINH,0x08055c6c
NewEfxRestWINH_,0x08055db0
sub_805660C,0x08055dc0
sub_8056618,0x08055dcc
NewEfxALPHA,0x08055ea4
sub_805683C,0x08055ff4
sub_805689C,0x08056054
StartSpellThing_MagicQuake,0x08056170
sub_8056BC8,0x08056380
sub_8056BEC,0x080563a4
sub_8056C40,0x080563f8
sub_8056D14,0x080564cc
sub_8056E10,0x080565cc
sub_8056E38,0x080565f4
sub_8056EBC,0x08056678
sub_8056EFC,0x080566b8
sub_8056F40,0x080566fc
sub_8056F98,0x08056754
sub_8056FD0,0x0805678c
sub_8057088,0x08056848
sub_80570F0,0x080568b0
sub_8057120,0x080568e0
sub_805717C,0x0805693c
sub_80571D8,0x08056998
sub_8057234,0x080569f4
sub_8057290,0x08056a50
sub_80572EC,0x08056aac
sub_8057348,0x08056b08
sub_80573A4,0x08056b64
sub_8057400,0x08056bc0
sub_805745C,0x08056c1c
sub_80574B8,0x08056c78
sub_80575BC,0x08056d7c
sub_8057634,0x08056df4
sub_8057664,0x08056e24
sub_805769C,0x08056e5c
sub_80577AC,0x08056f6c
sub_805780C,0x08056fcc
sub_8057888,0x08057048
sub_8057924,0x080570e4
sub_805795C,0x0805711c
sub_8057A6C,0x0805722c
sub_8057ABC,0x0805727c
sub_8057B7C,0x0805733c
sub_8057BF4,0x080573b4
sub_8057C24,0x080573e4
sub_8057C60,0x08057420
sub_8057CFC,0x080574bc
sub_8057DF0,0x080575b4
sub_8057E34,0x080575f8
sub_8057EFC,0x080576c4
sub_8057F38,0x08057700
sub_8057F84,0x0805774c
sub_8057FC0,0x08057788
sub_805807C,0x08057844
sub_8058120,0x080578e8
sub_8058158,0x08057920
sub_8058208,0x080579d0
sub_8058318,0x08057ae4
sub_80583DC,0x08057bac
sub_805843C,0x08057c0c
sub_8058478,0x08057c48
sub_80584F8,0x08057cc8
sub_805856C,0x08057d3c
sub_8058584,0x08057d54
sub_80585BC,0x08057d8c
sub_8058648,0x08057e18
sub_8058698,0x08057e68
sub_805872C,0x08057efc
sub_8058778,0x08057f48
sub_805882C,0x08057ffc
sub_8058868,0x08058038
sub_8058908,0x080580d8
sub_805898C,0x0805815c
sub_8058A4C,0x0805821c
sub_8058A98,0x08058268
sub_8058AF8,0x080582c8
sub_8058B28,0x080582f8
sub_8058B6C,0x0805833c
sub_8058BB0,0x08058380
sub_8058CB8,0x08058488
sub_8058D18,0x080584e8
sub_8058D70,0x08058540
sub_8058DFC,0x080585cc
sub_8058E44,0x08058614
sub_8058EC8,0x08058698
sub_8058F2C,0x080586fc
sub_8058FC4,0x08058794
sub_8058FF8,0x080587c8
sub_805903C,0x0805880c
sub_8059084,0x08058854
sub_8059108,0x080588d8
sub_8059138,0x08058908
sub_8059174,0x08058944
sub_80592AC,0x08058a80
sub_8059330,0x08058b04
sub_8059394,0x08058b68
sub_8059418,0x08058bec
sub_805947C,0x08058c50
sub_80594E0,0x08058cb4
sub_8059510,0x08058ce4
sub_805955C,0x08058d30
sub_8059588,0x08058d5c
sub_805979C,0x08058f74
sub_80597D8,0x08058fb0
sub_8059898,0x08059070
sub_80598EC,0x080590c4
sub_8059948,0x08059120
sub_805996C,0x08059144
sub_80599B0,0x08059188
sub_80599D4,0x080591ac
sub_80599F8,0x080591d0
sub_8059A2C,0x08059204
sub_8059A90,0x0805926c
sub_8059B08,0x080592e8
sub_8059B4C,0x0805932c
sub_8059BF4,0x080593d8
sub_8059C30,0x08059414
sub_8059D20,0x08059504
sub_8059DD0,0x080595b0
sub_8059E80,0x08059660
sub_8059EE4,0x080596c4
sub_8059F28,0x08059708
sub_8059F74,0x08059754
sub_8059F8C,0x0805976c
sub_8059FC8,0x080597a8
sub_805A004,0x080597e4
sub_805A040,0x08059820
sub_805A06C,0x0805984e
sub_805A090,0x08059874
sub_805A0CC,0x080598b0
sub_805A210,0x080599f8
sub_805A29C,0x08059a84
sub_805A33C,0x08059b24
sub_805A3C0,0x08059ba8
sub_805A4C8,0x08059cb4
sub_805A530,0x08059d1c
sub_805A594,0x08059d80
sub_805A60C,0x08059dfc
sub_805A648,0x08059e38
sub_805A700,0x08059ef0
sub_805A780,0x08059f70
sub_805A838,0x0805a028
sub_805A87C,0x0805a06c
sub_805A8B8,0x0805a0a8
sub_805A9E8,0x0805a1d8
sub_805AA38,0x0805a228
sub_805AAB4,0x0805a2a4
sub_805AAE8,0x0805a2d8
sub_805AB54,0x0805a344
sub_805ABC0,0x0805a3b0
sub_805ABD8,0x0805a3c8
sub_805AC14,0x0805a404
sub_805AE14,0x0805a604
sub_805AE68,0x0805a658
sub_805AEE0,0x0805a6d4
sub_805AF74,0x0805a76c
sub_805AFC8,0x0805a7c0
sub_805B04C,0x0805a844
sub_805B110,0x0805a90c
sub_805B210,0x0805aa0c
sub_805B264,0x0805aa60
sub_805B2C0,0x0805aabc
sub_805B32C,0x0805ab28
sub_805B404,0x0805ac00
sub_805B52C,0x0805ad28
sub_805B5D8,0x0805add4
sub_805B610,0x0805ae0c
sub_805B678,0x0805ae78
sub_805B6B4,0x0805aeb4
sub_805B7A4,0x0805afa4
sub_805B828,0x0805b028
sub_805B8AC,0x0805b0ac
sub_805B930,0x0805b130
sub_805B9D4,0x0805b1d4
sub_805BA48,0x0805b248
sub_805BA78,0x0805b278
sub_805BAB4,0x0805b2b4
sub_805BC20,0x0805b420
sub_805BCB8,0x0805b4b8
sub_805BD1C,0x0805b51c
sub_805BE48,0x0805b64c
sub_805BEDC,0x0805b6e4
sub_805BF80,0x0805b78c
sub_805C064,0x0805b870
sub_805C0DC,0x0805b8e8
sub_805C18C,0x0805b998
sub_805C230,0x0805ba40
sub_805C260,0x0805ba70
sub_805C2B4,0x0805bac4
sub_805C35C,0x0805bb6c
sub_805C3D8,0x0805bbe8
sub_805C414,0x0805bc24
sub_805C5B4,0x0805bdc4
sub_805C624,0x0805be34
sub_805C6A8,0x0805beb8
sub_805C700,0x0805bf10
sub_805C77C,0x0805bf8c
sub_805C7F8,0x0805c008
sub_805C810,0x0805c020
sub_805C86C,0x0805c07c
sub_805C8C8,0x0805c0d8
sub_805C924,0x0805c134
sub_805C96C,0x0805c17c
sub_805C9CC,0x0805c1dc
sub_805CA20,0x0805c230
sub_805CA38,0x0805c248
sub_805CA74,0x0805c284
sub_805CC58,0x0805c468
sub_805CCE8,0x0805c4f8
sub_805CD34,0x0805c548
sub_805CDCC,0x0805c5e4
sub_805CE60,0x0805c678
sub_805CEF0,0x0805c708
sub_805CF78,0x0805c790
sub_805D044,0x0805c85c
sub_805D08C,0x0805c8a4
sub_805D0D8,0x0805c8f0
sub_805D158,0x0805c970
sub_805D1D8,0x0805c9f0
sub_805D200,0x0805ca18
sub_805D328,0x0805cb40
sub_805D350,0x0805cb68
sub_805D4CC,0x0805cce4
sub_805D4F4,0x0805cd0c
sub_805D670,0x0805ce88
sub_805D698,0x0805ceb0
sub_805D824,0x0805d03c
sub_805D8E0,0x0805d0f8
sub_805D994,0x0805d1ac
sub_805DA04,0x0805d21c
sub_805DA74,0x0805d28c
sub_805DAE4,0x0805d2fc
sub_805DB2C,0x0805d344
sub_805DB68,0x0805d380
sub_805DB84,0x0805d39c
sub_805DC18,0x0805d430
sub_805DC78,0x0805d490
sub_805DD78,0x0805d590
sub_805DEC0,0x0805d6dc
sub_805DEF0,0x0805d70c
sub_805DF20,0x0805d73c
sub_805DFF4,0x0805d810
sub_805E044,0x0805d860
sub_805E0C4,0x0805d8e0
sub_805E110,0x0805d92c
sub_805E158,0x0805d974
sub_805E23C,0x0805da54
sub_805E31C,0x0805db34
sub_805E368,0x0805db80
sub_805E3B0,0x0805dbc8
sub_805E3EC,0x0805dc04
sub_805E510,0x0805dd28
sub_805E564,0x0805dd7c
sub_805E5C8,0x0805dde0
sub_805E640,0x0805de58
sub_805E650,0x0805de68
sub_805E68C,0x0805dea4
sub_805E794,0x0805dfac
sub_805E820,0x0805e038
sub_805E878,0x0805e090
sub_805E8D0,0x0805e0e8
sub_805E8E8,0x0805e100
sub_805E924,0x0805e13c
sub_805EA24,0x0805e23c
sub_805EAB0,0x0805e2c8
sub_805EB08,0x0805e320
sub_805EB60,0x0805e378
sub_805EBA4,0x0805e3bc
sub_805EBB4,0x0805e3cc
sub_805EBD8,0x0805e3f0
sub_805EBF8,0x0805e410
sub_805EC08,0x0805e420
sub_805EC44,0x0805e45c
sub_805ED64,0x0805e57c
sub_805EDB8,0x0805e5d0
sub_805EE1C,0x0805e634
sub_805EE74,0x0805e68c
sub_805EE84,0x0805e69c
sub_805EEC0,0x0805e6d8
sub_805F124,0x0805e93c
sub_805F150,0x0805e968
sub_805F1B4,0x0805e9cc
sub_805F1C4,0x0805e9dc
sub_805F21C,0x0805ea34
sub_805F234,0x0805ea4c
sub_805F270,0x0805ea88
sub_805F2AC,0x0805eac4
sub_805F2E8,0x0805eb00
sub_805F324,0x0805eb3c
sub_805F360,0x0805eb78
sub_805F39C,0x0805ebb4
sub_805F414,0x0805ebf0
sub_805F48C,0x0805eca4
sub_805F4C8,0x0805ece0
sub_805F594,0x0805edac
sub_805F5F0,0x0805ee08
sub_805F648,0x0805ee60
sub_805F6A0,0x0805eeb8
sub_805F6E0,0x0805eef8
sub_805F6F8,0x0805ef10
sub_805F734,0x0805ef4c
sub_805F808,0x0805f020
sub_805F860,0x0805f078
sub_805F8C4,0x0805f0dc
sub_805F950,0x0805f168
sub_805F9E4,0x0805f1fc
sub_805FA28,0x0805f240
sub_805FA70,0x0805f288
sub_805FAB8,0x0805f2d2
sub_805FB64,0x0805f380
sub_805FBE8,0x0805f404
sub_805FC24,0x0805f440
sub_805FE20,0x0805f63c
sub_805FE7C,0x0805f698
sub_805FED4,0x0805f6f0
sub_805FEF4,0x0805f710
sub_805FFB0,0x0805f7cc
sub_8060014,0x0805f834
sub_8060108,0x0805f928
sub_8060150,0x0805f970
sub_80601E8,0x0805fa0c
sub_806026C,0x0805fa90
sub_80602D0,0x0805faf4
sub_806030C,0x0805fb30
sub_806052C,0x0805fd5c
sub_80605A4,0x0805fdd8
sub_80605E0,0x0805fe14
sub_8060730,0x0805ff64
sub_806079C,0x0805ffd0
sub_80607B8,0x0805ffec
sub_80608B8,0x080600f0
sub_80608FC,0x08060134
sub_806090C,0x08060144
sub_8060948,0x08060180
sub_806096C,0x080601a4
sub_8060A1C,0x08060254
sub_8060A80,0x080602bc
sub_8060B64,0x080603a0
sub_8060BA0,0x080603dc
sub_8060BE4,0x08060420
sub_8060C2C,0x08060468
sub_8060D10,0x0806054c
sub_8060D4C,0x08060588
sub_8060D90,0x080605cc
sub_8060DD8,0x08060614
sub_8060E70,0x080606ac
sub_8060EAC,0x080606e8
sub_8061094,0x080608d0
sub_8061128,0x08060964
sub_80611CC,0x08060a08
sub_8061274,0x08060ab0
sub_80612D4,0x08060b14
sub_806137C,0x08060bbc
sub_80613B8,0x08060bf8
sub_8061400,0x08060c40
sub_8061448,0x08060c88
sub_80614E4,0x08060d24
sub_8061558,0x08060d98
sub_8061570,0x08060db0
sub_806158C,0x08060dcc
sub_80615A8,0x08060de8
sub_80615C4,0x08060e04
sub_8061600,0x08060e40
sub_8061758,0x08060f98
sub_80617EC,0x0806102c
sub_8061880,0x080610c0
sub_8061914,0x08061154
sub_806196C,0x080611ac
sub_8061A50,0x08061290
sub_8061A8C,0x080612cc
sub_8061AD4,0x08061314
sub_8061B1C,0x0806135c
sub_8061B7C,0x080613bc
sub_8061BE0,0x08061420
sub_8061C1C,0x0806145c
sub_8061D84,0x080615c4
sub_8061DE8,0x08061628
sub_8061E40,0x08061680
sub_8061EE8,0x08061728
sub_8061F48,0x0806178c
sub_8061FC4,0x08061808
sub_806205C,0x080618a0
sub_8062094,0x080618d8
sub_80620FC,0x08061944
sub_8062350,0x08061b98
sub_806238C,0x08061bd4
sub_806250C,0x08061d54
sub_8062558,0x08061da0
sub_80625D0,0x08061e18
sub_8062640,0x08061e88
sub_8062658,0x08061ea0
sub_80626BC,0x08061f04
sub_80626D4,0x08061f1c
sub_80626F0,0x08061f38
sub_8062748,0x08061f90
sub_80627C4,0x0806200c
sub_8062824,0x0806206c
sub_80628F0,0x08062138
sub_8062940,0x08062188
sub_80629CC,0x08062218
sub_8062A2C,0x08062278
sub_8062A3C,0x08062288
sub_8062A9C,0x080622e8
sub_8062AAC,0x080622f8
sub_8062AE8,0x08062334
sub_8062B24,0x08062370
sub_8062B60,0x080623ac
sub_8062B9C,0x080623e8
sub_8062C68,0x080624b4
sub_8062C9C,0x080624e8
NewEfxPierceCritical,0x08062608
sub_8062D88,0x08062628
sub_8062DB8,0x08062658
sub_8062E08,0x080626a8
sub_8062E30,0x080626d0
sub_8062E60,0x08062700
NewEfxNormalEffect,0x0806273c
sub_8062EBC,0x0806275c
sub_8062EFC,0x0806279c
sub_8062F88,0x08062828
NewEfxYushaSpinShield,0x08062880
sub_8063008,0x080628a8
sub_8063014,0x080628b4
sub_8063094,0x08062934
sub_80630FC,0x0806299c
sub_8063188,0x08062a28
NewEfxHurtmutEff00,0x08062a50
sub_80631F4,0x08062a94
sub_8063200,0x08062aa0
sub_8063244,0x08062ae4
sub_8063290,0x08062b30
sub_80632DC,0x08062b7c
sub_8063300,0x08062ba0
sub_8063344,0x08062be4
sub_8063390,0x08062c30
sub_80633DC,0x08062c7c
NewEfxMagfcast,0x08062ca0
sub_8063460,0x08062d00
sub_806347C,0x08062d1c
sub_806355C,0x08062dfc
NewEfxSunakemuri,0x08062e54
sub_80635E4,0x08062e84
sub_80635F0,0x08062e90
sub_80637D4,0x08063074
NewEfxLokmsuna,0x080630a4
sub_8063830,0x080630d0
sub_806383C,0x080630dc
sub_80638C0,0x08063160
NewEfxKingPika,0x08063190
sub_806390C,0x080631ac
NewEfxFlashFX,0x0806321c
sub_8063998,0x08063238
sub_80639F8,0x08063298
sub_8063A6C,0x0806330c
sub_8063ABC,0x0806335c
NewEfxSpecalEffect,0x08063404
sub_8063C14,0x080634b4
sub_8063C20,0x080634c0
sub_8063C40,0x080634e0
sub_8063CB0,0x08063550
sub_8063CFC,0x0806359c
sub_8063D24,0x080635c4
sub_8063D44,0x080635e4
sub_8063DC8,0x08063668
sub_8063E4C,0x080636f0
sub_8063E94,0x0806373c
sub_8063F30,0x080637d8
NewEfxMantBatabata,0x08063868
sub_8064140,0x080639f0
sub_806416C,0x08063a1c
NewEfxChillEffect,0x08063a60
sub_80641D0,0x08063a80
sub_8064214,0x08063ac4
sub_806426C,0x08063b1c
sub_80642F4,0x08063ba4
NewEfxChillAnime,0x08063be0
sub_80643DC,0x08063c90
sub_80647C8,0x0806407c
sub_80647DC,0x08064090
sub_80647F8,0x080640ac
sub_8064814,0x080640c8
sub_8064820,0x080640d4
sub_806482C,0x080640e0
sub_806488C,0x08064140
sub_8064910,0x080641c4
sub_80649AC,0x08064260
sub_8064A04,0x080642b8
sub_8064A2C,0x080642e0
sub_8064A54,0x08064308
sub_8064A74,0x08064328
sub_8064A94,0x08064348
sub_8064AF4,0x080643a8
sub_8064B40,0x080643f4
sub_8064BC0,0x08064474
sub_8064BE4,0x08064498
sub_8064C04,0x080644b8
sub_8064C2C,0x080644e0
sub_8064C88,0x0806453c
sub_8064D0C,0x080645c0
sub_8064D40,0x080645f4
sub_8064D80,0x08064634
sub_8064DFC,0x080646b0
sub_8064E20,0x080646d4
sub_8064E3C,0x080646f0
sub_8064EB0,0x08064764
sub_8064F04,0x080647b8
sub_8064F50,0x08064804
sub_8064F84,0x08064838
sub_8064FC4,0x08064878
sub_8064FF4,0x080648a8
sub_8065010,0x080648c4
sub_8065094,0x08064948
sub_8065120,0x080649d4
sub_8065140,0x080649f4
sub_8065158,0x08064a0c
sub_80651B0,0x08064a64
sub_8067128,0x08066a04
FillBGRect,0x08066a7c
sub_80671E0,0x08066abc
EfxTmModifyPal,0x08066b24
EfxTmCpyBG,0x08066b94
EfxTmCpyBgHFlip,0x08066bc4
EfxTmCpyExt,0x08066bf4
EfxTmCpyExtHFlip,0x08066ca4
sub_806748C,0x08066d68
EkrModifyBarfx,0x08066e40
EkrPalModifyUnused,0x08066ec0
EfxPalBlackInOut,0x08066fb0
EfxPalWhiteInOut,0x0806702c
EfxPalFlashingInOut,0x080670b0
EfxPalModifyPetrifyEffect,0x08067168
EfxSplitColor,0x080671dc
EfxSplitColorPetrify,0x0806721c
sub_8067998,0x08067274
EfxDecodeSplitedPalette,0x080672f4
EfxChapterMapFadeOUT,0x0806738c
sub_8067AD4,0x080673b0
NewEkrsubAnimeEmulator,0x080673c8
EkrsubAnimeEmulatorMain,0x08067414
GetAnimSpriteRotScaleX,0x080674d4
GetAnimSpriteRotScaleY,0x080674f0
BanimUpdateSpriteRotScale,0x0806750c
EfxPlaySE,0x08067690
Loop6C_efxSoundSE,0x080676f0
DoM4aSongNumStop,0x08067744
EfxOverrideBgm,0x08067754
StopBGM1,0x0806777c
UnregisterEfxSoundSeExist,0x0806778c
RegisterEfxSoundSeExist,0x08067798
CheckEfxSoundSeExist,0x080677a4
M4aPlayWithPostionCtrl,0x080677b0
EfxPlaySEwithCmdCtrl,0x0806786c
IsAnimSoundInPositionMaybe,0x08067d34
GetEfxSoundType2FromBaseCon,0x08067d66
sub_80684B0,0x08067d90
EfxPlayHittedSFX,0x08067de0
EfxPlayCriticalHittedSFX,0x08067e44
EfxCheckRetaliation,0x08067f8b
EkrRestoreBGM,0x080681bc
GetBanimBossBGM,0x080681f0
GetProperAnimSoundLocation,0x0806822c
PlaySFX,0x080682c4
PlaySfxAutomatically,0x080682e0
sub_8068A24,0x08068320
sub_8068A38,0x08068334
sub_8068A68,0x08068364
sub_8068D24,0x08068620
sub_8068D2C,0x08068628
sub_8068DB4,0x080686b0
sub_8068E24,0x08068720
sub_8068E40,0x0806873c
sub_8068EA8,0x080687a4
sub_8068EC4,0x080687c0
sub_8068F28,0x08068824
sub_8068F74,0x08068870
sub_8068F8C,0x08068888
sub_80690F8,0x080689f4
sub_8069118,0x08068a14
sub_8069180,0x08068a7c
sub_80691B8,0x08068ab4
sub_806925C,0x08068b5c
EndEkrLevelUp,0x08068c0c
sub_8069314,0x08068c20
sub_80696A0,0x08068fb8
sub_80696F8,0x08069010
sub_8069730,0x08069048
sub_8069830,0x08069134
sub_8069A84,0x0806938c
sub_8069BB4,0x080694bc
sub_8069BE4,0x080694ec
sub_8069C28,0x08069530
sub_8069D50,0x08069658
sub_8069D7C,0x08069684
sub_8069DDC,0x080696e4
sub_8069E64,0x0806976c
sub_8069EB8,0x080697c0
sub_8069F38,0x08069840
sub_806A05C,0x08069968
sub_806A08C,0x08069998
sub_806A098,0x080699a4
sub_806A160,0x08069a6c
EkrLvup_OnEnd,0x08069ba4
NewEfxPartsofScroll,0x08069be0
sub_806A2EC,0x08069bf8
sub_806A364,0x08069c70
sub_806A370,0x08069c7c
sub_806A38C,0x08069c98
sub_806A414,0x08069d20
sub_806A4E0,0x08069dec
sub_806A4EC,0x08069df8
sub_806A880,0x08069fd4
sub_806A888,0x08069fdc
sub_806A8D8,0x0806a02c
sub_806A93C,0x0806a090
sub_806A958,0x0806a0ac
sub_806A9C0,0x0806a114
sub_806AAA0,0x0806a1f4
sub_806ABB4,0x0806a308
sub_806AC24,0x0806a378
sub_806AC5C,0x0806a3b0
sub_806AC9C,0x0806a3f8
sub_806ACC0,0x0806a41c
sub_806AEC4,0x0806a620
sub_806AFB4,0x0806a718
sub_806B040,0x0806a7a4
sub_806B088,0x0806a7ec
sub_806B15C,0x0806a8c0
sub_806B194,0x0806a8f8
sub_806B264,0x0806a9d4
sub_806B3E8,0x0806ab58
sub_806B440,0x0806abb4
sub_806B5C0,0x0806ad38
sub_806B778,0x0806aeec
sub_806B798,0x0806af0c
sub_806B7DC,0x0806af50
sub_806B800,0x0806af74
EndEkrPopup,0x0806afd8
EfxPlaySound5AVol100,0x0806aff4
sub_806B88C,0x0806b008
EkrPopup_Delay,0x0806b590
EkrPopup_DrawWRankUp,0x0806b5ac
ekrPopup_DrawWRankUp2,0x0806b610
sub_806BE18,0x0806b674
sub_806BE78,0x0806b6d8
sub_806BEDC,0x0806b740
sub_806BF10,0x0806b774
sub_806BF94,0x0806b800
sub_806BFB8,0x0806b824
sub_806BFD0,0x0806b83c
sub_806BFE4,0x0806b850
sub_806C044,0x0806b8b0
sub_806C064,0x0806b8d0
sub_806C0C8,0x0806b934
sub_806C0D4,0x0806b940
sub_806C0E8,0x0806b954
sub_806C114,0x0806b980
sub_806C178,0x0806b9e4
sub_806C1A4,0x0806ba10
GetWeaponAnimActorCount,0x0806ba44
sub_806C1E8,0x0806ba54
GetWeaponAnimManimSpecialScr,0x0806ba64
sub_806C208,0x0806ba74
sub_806C218,0x0806ba84
sub_806C228,0x0806ba94
MU_Init,0x0806baa4
sub_806C274,0x0806bae0
StartMu,0x0806bb48
sub_806C398,0x0806bc04
EnableMuCamera,0x0806bc1c
DisableMuCamera,0x0806bc44
StartUiMu,0x0806bc64
sub_806C474,0x0806bce0
StartMuInternal,0x0806bd0c
SetMuFacing,0x0806bfa4
sub_806C790,0x0806bffc
MU_SetDefaultFacing_Auto,0x0806c038
sub_806C7F8,0x0806c064
sub_806C82C,0x0806c098
sub_806C850,0x0806c0bc
IsMuActive,0x0806c124
SetMuMoveScript,0x0806c15c
StartMuScripted,0x0806c1d0
MuStepSe_Init,0x0806c228
MuStepSe_PlaySeA,0x0806c264
MuStepSe_PlaySeB,0x0806c288
StartPlayMuStepSe,0x0806c2b4
PlayMuStepSe,0x0806c33c
EndMuMovement,0x0806c354
RunMuMoveScript,0x0806c364
StartMuFogBump,0x0806c598
sub_806CDA8,0x0806c614
sub_806CE68,0x0806c6d4
sub_806CF4C,0x0806c7b8
sub_806CF90,0x0806c7fc
sub_806CFB4,0x0806c820
sub_806CFE8,0x0806c854
sub_806D010,0x0806c87c
sub_806D06C,0x0806c8d8
sub_806D07C,0x0806c8e8
sub_806D08C,0x0806c8f8
UpdateMuStepSounds,0x0806cb50
sub_806D3F8,0x0806cc64
sub_806D47C,0x0806cce8
EndAllMus,0x0806cd10
EndMu,0x0806cd28
sub_806D4D4,0x0806cd40
HaltMu,0x0806cd58
LockMus,0x0806cd88
ReleaseMus,0x0806cd98
ApplyMoveScriptToCoordinates,0x0806cda8
CanStartMu,0x0806ce58
ResetMuAnims,0x0806ce98
sub_806D6A0,0x0806cf0c
sub_806D744,0x0806cfb0
sub_806D7E8,0x0806d054
sub_806D934,0x0806d1a0
sub_806DA3C,0x0806d2a8
sub_806DB6C,0x0806d3d8
sub_806DCB8,0x0806d524
sub_806DD10,0x0806d57c
sub_806DD40,0x0806d5ac
GetMuAnimForJid,0x0806d5d8
sub_806DD98,0x0806d604
sub_806DEC4,0x0806d730
sub_806DF58,0x0806d7c4
sub_806DFF0,0x0806d85c
sub_806E07C,0x0806d8e8
sub_806E154,0x0806d9c0
sub_806E204,0x0806da70
sub_806E2A0,0x0806db0c
sub_806E2C8,0x0806db34
SetMuScreenPosition,0x0806db54
sub_806E334,0x0806dba0
sub_806E380,0x0806dbec
sub_806E400,0x0806dc6c
sub_806E450,0x0806dcbc
sub_806E4A0,0x0806dd0c
sub_806E4F4,0x0806dd60
sub_806E51C,0x0806dd88
sub_806E564,0x0806ddd0
sub_806E5C0,0x0806de2c
sub_806E608,0x0806de74
sub_806E630,0x0806de9c
sub_806E678,0x0806dee4
sub_806E698,0x0806df04
sub_806E6DC,0x0806df48
sub_806E730,0x0806df9c
sub_806E76C,0x0806dfd8
sub_806E7EC,0x0806e058
sub_806E840,0x0806e0ac
sub_806E8DC,0x0806e148
sub_806E930,0x0806e19c
sub_806E94C,0x0806e1b8
sub_806E974,0x0806e1e0
sub_806EA0C,0x0806e278
sub_806EA64,0x0806e2d0
GetUnitMu,0x0806e310
Manim_StoleItemPopup,0x0806e354
Manim_WeaponBrokePopup,0x0806e394
ManimShouldBuDisplayWeaponBroke,0x0806e3f0
Manim_WeaponLevelGainedPopup,0x0806e424
ManimShouldBuDisplayWeaponLevelGained,0x0806e480
Manim_PrepareBattleTalk,0x0806e4b8
Manim_Finish,0x0806e4cc
sub_806EC98,0x0806e504
sub_806ED78,0x0806e5e4
sub_806EDC0,0x0806e62c
sub_806EDE0,0x0806e64c
sub_806EE30,0x0806e69c
sub_806EE5C,0x0806e6c8
sub_806EE9C,0x0806e708
sub_806EF3C,0x0806e7a8
sub_806EFB0,0x0806e81c
sub_806F0C4,0x0806e930
sub_806F280,0x0806eaec
sub_806F2C8,0x0806eb34
sub_806F2D8,0x0806eb44
sub_806F30C,0x0806eb78
InitManimActor,0x0806eb9c
sub_806F404,0x0806ec70
InitManimActorFacings,0x0806ed80
sub_806F598,0x0806ee04
sub_806F7B0,0x0806f01c
sub_806F83C,0x0806f0a8
sub_806F8C8,0x0806f134
sub_806F97C,0x0806f1e8
StartBattleManim,0x0806f294
InitManimHits,0x0806f310
InitManimActors,0x0806f364
GetFacingFromTo,0x0806f4d0
UnpackManimWindowDigits,0x0806f554
PutManimWindowNumber,0x0806f588
UnpackManimWindowGraphics,0x0806f674
PutManimWindowBarTile,0x0806f6a8
PutManimWindowBar,0x0806f70c
EndManimInfoWindow,0x0806f7c4
StartManimInfoWindow,0x0806f7dc
ManimWindow_Clear,0x0806f838
sub_806FFE8,0x0806f854
sub_80700FC,0x0806f968
sub_8070258,0x0806fac4
sub_8070338,0x0806fba4
sub_8070390,0x0806fbfc
sub_8070534,0x0806fda0
sub_8070620,0x0806fe8c
sub_8070704,0x0806ff70
sub_8070828,0x080700cc
sub_8070858,0x080700fc
sub_80708F8,0x0807019c
sub_80709E8,0x0807028c
sub_8070AC4,0x08070368
sub_8070AF8,0x0807039c
sub_8070B10,0x080703b4
sub_8070F70,0x08070814
sub_807116C,0x08070a10
sub_807134C,0x08070bf0
sub_8071874,0x08071118
sub_8071960,0x08071204
sub_8071BD8,0x0807147c
sub_8071D08,0x080715dc
sub_8071D9C,0x08071670
sub_8071DF8,0x080716cc
sub_8071E68,0x0807173c
sub_8071ECC,0x080717a0
sub_8071F3C,0x08071810
sub_8072074,0x08071948
sub_80721A4,0x08071a78
sub_80721C8,0x08071a9c
sub_807224C,0x08071b20
sub_8072320,0x08071bf4
sub_8072374,0x08071c48
sub_8072398,0x08071c6c
sub_80723BC,0x08071c90
sub_807245C,0x08071d30
sub_8072514,0x08071de8
sub_807255C,0x08071e30
sub_8072638,0x08071f0c
sub_80726B8,0x08071f8c
sub_80727BC,0x08072090
sub_8072884,0x08072158
sub_80728F0,0x080721c4
sub_8072910,0x080721e4
sub_807296C,0x08072240
sub_8072AAC,0x08072380
sub_8072C10,0x080724e4
sub_8072D74,0x08072648
sub_8072E0C,0x080726e0
sub_8072EAC,0x08072780
sub_8072F18,0x080727ec
sub_8072F70,0x08072844
sub_8073084,0x08072958
sub_80730DC,0x080729b0
sub_8073204,0x08072ad8
sub_80732FC,0x08072bd0
sub_80733F8,0x08072ccc
sub_807340C,0x08072ce0
sub_807347C,0x08072d50
sub_80734FC,0x08072dd0
sub_8073568,0x08072e3c
sub_8073584,0x08072e58
sub_8073648,0x08072f1c
sub_80736EC,0x08072fc0
sub_80737AC,0x08073080
sub_807384C,0x08073120
sub_80738B4,0x08073188
sub_80738E0,0x080731b4
sub_8073984,0x08073258
sub_80739EC,0x080732c0
sub_8073A58,0x0807332c
sub_8073A98,0x0807336c
sub_8073AD4,0x080733a8
sub_8073B40,0x08073414
sub_8073C24,0x080734f8
sub_8073CB0,0x08073584
sub_8073D3C,0x08073610
sub_8073DA4,0x08073678
sub_8073ED8,0x080737ac
sub_8073FC4,0x08073898
sub_8074064,0x08073938
sub_80740CC,0x080739a0
sub_807419C,0x08073a70
sub_8074240,0x08073b14
sub_80742A8,0x08073b7c
sub_80742DC,0x08073bb0
sub_8074300,0x08073bd4
sub_807443C,0x08073d10
sub_80744F8,0x08073dcc
sub_807456C,0x08073e40
sub_80746E0,0x08073fb4
sub_807475C,0x08074030
sub_8074774,0x08074048
sub_80747F4,0x080740c4
sub_8074968,0x0807422c
sub_8074B68,0x0807442c
sub_8074C5C,0x08074520
sub_8074C70,0x08074534
sub_8074D38,0x080745fc
sub_8074D50,0x08074614
sub_8074F40,0x08074804
sub_8075098,0x0807495c
sub_80750CC,0x08074990
sub_80751F0,0x08074ab4
sub_8075224,0x08074ae8
sub_80753F4,0x08074cb8
sub_807540C,0x08074cd0
sub_807549C,0x08074d60
sub_8075510,0x08074dd4
sub_8075584,0x08074e48
sub_80756D0,0x08074fc0
sub_8075864,0x0807516c
sub_8075878,0x08075180
sub_8075898,0x080751a0
sub_80758AC,0x080751b4
sub_80758E4,0x080751ec
sub_8075938,0x08075240
sub_8075970,0x08075278
sub_80759B0,0x080752b8
sub_80759C8,0x080752d0
sub_80759E8,0x080752f0
sub_8075A98,0x080753a0
sub_8075AC4,0x080753cc
sub_8075B1C,0x08075424
sub_8075B7C,0x08075484
sub_8075C18,0x08075520
sub_8075CF8,0x08075600
sub_8075DB0,0x080756b8
sub_8075DDC,0x080756e4
sub_8075E08,0x08075710
sub_8075E34,0x0807573c
sub_8075E68,0x08075770
sub_8075E9C,0x080757a4
sub_8075F68,0x08075870
sub_8075FAC,0x080758b4
sub_8075FF0,0x080758f8
sub_807604C,0x08075954
sub_8076080,0x08075988
sub_8076164,0x08075a6c
sub_8076248,0x08075b50
sub_80762CC,0x08075bd4
sub_8076350,0x08075c58
sub_80763A0,0x08075ca8
sub_80763F0,0x08075cf8
sub_8076460,0x08075d68
sub_8076820,0x08076128
sub_80768F4,0x080761fc
sub_8076920,0x08076228
sub_8076950,0x08076258
sub_8076980,0x08076288
sub_80769B0,0x080762b8
sub_80769E0,0x080762e8
sub_8076A1C,0x08076324
sub_8076A58,0x08076360
sub_8076A94,0x0807639c
sub_8076AD0,0x080763d8
sub_8076B0C,0x08076414
sub_8076B48,0x08076450
sub_8076B84,0x0807648c
sub_8076C40,0x08076548
sub_8076C80,0x08076588
sub_8076CB0,0x080765b8
sub_8076CD8,0x080765e0
sub_8076D08,0x08076610
sub_8076D38,0x08076640
sub_8076D68,0x08076670
sub_8076D98,0x080766a0
sub_8076DCC,0x080766d4
sub_8076E00,0x08076708
sub_8076E34,0x0807673c
sub_8076EA8,0x080767b0
sub_8076F34,0x0807683c
sub_8076F68,0x08076870
sub_8076FFC,0x08076904
sub_8077014,0x0807691c
InitScanlineEffect,0x08076934
sub_807706C,0x08076974
sub_807719C,0x08076aa4
ResetScanLineHBlank,0x08076ad8
sub_80771E0,0x08076ae8
sub_8077248,0x08076b50
sub_80772CC,0x08076bd4
sub_8077350,0x08076c58
StartManimFrameGradientScanlineEffect1,0x08076cc0
StartManimFrameGradientScanlineEffect2,0x08076d28
sub_807755C,0x08076e64
PrepareSineWaveScanlineBuf,0x08076f24
sub_8077694,0x08076f9c
sub_8077714,0x0807701c
sub_8077794,0x0807709c
PrepareSineWaveScanlineBufExt,0x08077124
SwapScanlineBufs,0x080771a0
InitScanlineBuf,0x080771c8
SetScanlineBufWinL,0x08077204
SetScanlineBufWinR,0x0807724c
MapAnimScanlineCore,0x08077294
PrepareGradientScanlineBuf,0x08077378
sub_8077BC0,0x080774c8
sub_8077BE0,0x080774e8
sub_8077C1C,0x08077524
GetScanlineBuf,0x080775f4
sub_8077D1C,0x08077624
sub_8077E1C,0x08077724
sub_8077E50,0x08077758
sub_8077FB4,0x080778bc
sub_8078030,0x08077938
HBlank_Scanline_8078098,0x080779a0
sub_80780E0,0x080779e8
CandleFlameFx_OnHBlank,0x08077a38
ScanlineRotation,0x08077ad0
HBlank_Scanline_80782AC,0x08077bb4
sub_8078344,0x08077c4c
DragonGatefx_LightHBlank,0x08077ce4
sub_8078474,0x08077d7c
QuintessenceFx_OnHBlank,0x08077e14
DragonGatefx_DragonHBlank,0x08077ec0
sub_8078688,0x08077f90
sub_8078894,0x0807819c
sub_80788D0,0x080781d8
sub_80788F0,0x080781f8
sub_80788FC,0x08078204
sub_8078984,0x0807828c
sub_80789AC,0x080782b4
sub_80789EC,0x080782f4
sub_8078A8C,0x08078394
sub_8078ACC,0x080783d4
sub_8078BC4,0x080784c8
sub_8078C48,0x0807854c
sub_8078C90,0x08078594
sub_8078CDC,0x080785e0
sub_8078E20,0x0807872c
sub_8078E84,0x08078790
sub_8078EB0,0x080787bc
sub_8078EDC,0x080787e8
sub_8078F08,0x08078816
sub_8078F30,0x08078840
sub_8078F64,0x08078874
sub_8078FC4,0x080788d4
sub_8078FF0,0x08078900
sub_8079040,0x08078950
sub_8079058,0x08078968
sub_8079080,0x08078990
sub_80790A8,0x080789b8
sub_80790D0,0x080789e0
sub_80790F8,0x08078a08
CheckAvailableTurnEvent,0x08078a68
StartAvailableTurnEvents,0x08078a98
sub_80791CC,0x08078adc
sub_8079210,0x08078b20
StartSupportTalk,0x08078b60
StartSupportViewerTalk,0x08078bd4
GetSupportTalkSong,0x08078c2c
sub_80793A0,0x08078cb0
sub_80793E4,0x08078cf4
sub_80795CC,0x08078edc
sub_80795E0,0x08078ef0
sub_80795FC,0x08078f0c
sub_8079624,0x08078f34
sub_8079688,0x08078f98
sub_80796B0,0x08078fc0
sub_80796CC,0x08078fdc
sub_80796F4,0x08079004
sub_8079710,0x08079020
sub_8079738,0x08079048
sub_8079754,0x08079064
sub_807977C,0x0807908c
sub_807978C,0x0807909c
sub_8079798,0x080790a8
sub_80797D4,0x080790e4
sub_807982C,0x0807913c
sub_8079894,0x080791c8
sub_80798D4,0x08079208
CheckForWaitEvents,0x08079244
RunWaitEvents,0x08079284
sub_8079990,0x080792c4
sub_80799A0,0x080792d4
sub_8079A94,0x080793c8
sub_8079AF0,0x08079424
sub_8079B38,0x0807946c
sub_8079B80,0x080794b4
CheckBattleTalk,0x080794fc
StartBattleTalk,0x08079568
CheckBattleDefeatTalk,0x08079618
sub_8079D38,0x0807966c
DisplayDefeatTalkForPid,0x08079734
SetChapterFlag,0x0807987e
ClearChapterFlag,0x080798f2
ResetChapterFlags,0x0807992e
SetPermanentFlag,0x08079946
ClearPermanentFlag,0x080799be
ResetPermanentFlags,0x080799fe
CheckFlag,0x08079a28
ClearFlag,0x08079a40
GetPermanentFlagBits,0x08079a54
sub_807A100,0x08079a60
sub_807A124,0x08079a8c
sub_807A160,0x08079ac8
sub_807A208,0x08079b74
sub_807A22C,0x08079b98
sub_807A260,0x08079bcc
sub_807A26C,0x08079bd8
sub_807A528,0x08079bf0
sub_807A568,0x08079c30
sub_807A590,0x08079c58
sub_807A5D0,0x08079c98
sub_807A620,0x08079ce8
sub_807A648,0x08079d10
sub_807A670,0x08079d3c
sub_807A6A4,0x08079d74
sub_807A6BC,0x08079d8c
sub_807A6D8,0x08079daa
sub_807A740,0x08079e14
sub_807A754,0x08079e28
sub_807A794,0x08079e68
sub_807A7A4,0x08079e78
sub_807A7B4,0x08079e88
sub_807A7F0,0x08079ec4
sub_807A800,0x08079ed4
sub_807A810,0x08079ee4
sub_807A820,0x08079ef4
sub_807A830,0x08079f04
sub_807A840,0x08079f14
sub_807A850,0x08079f24
sub_807A860,0x08079f34
sub_807A870,0x08079f44
sub_807A880,0x08079f54
sub_807A890,0x08079f64
sub_807A8A0,0x08079f74
sub_807A8B0,0x08079f84
sub_807A8C0,0x08079f94
sub_807A8D0,0x08079fa4
sub_807A8E0,0x08079fb4
sub_807A8F0,0x08079fc4
sub_807A900,0x08079fd4
sub_807A910,0x08079fe4
sub_807A920,0x08079ff4
sub_807A930,0x0807a004
sub_807A940,0x0807a014
sub_807A950,0x0807a024
sub_807A960,0x0807a034
sub_807A970,0x0807a044
sub_807A980,0x0807a054
sub_807A990,0x0807a064
sub_807A9C0,0x0807a094
sub_807A9D0,0x0807a0a4
sub_807A9E0,0x0807a0b4
sub_807A9F0,0x0807a0c4
sub_807AA24,0x0807a0f8
sub_807AA5C,0x0807a130
sub_807AA74,0x0807a148
sub_807AAB0,0x0807a184
sub_807AAEC,0x0807a1c0
sub_807AB20,0x0807a1f4
sub_807AB30,0x0807a204
sub_807AB40,0x0807a214
sub_807AB50,0x0807a224
sub_807AB60,0x0807a234
sub_807AB70,0x0807a244
sub_807AB80,0x0807a254
sub_807AB90,0x0807a264
sub_807ABA0,0x0807a274
sub_807ABB0,0x0807a284
sub_807ABC0,0x0807a294
sub_807ABD0,0x0807a2a4
sub_807ABE0,0x0807a2b4
sub_807ABF0,0x0807a2c4
sub_807AC00,0x0807a2d4
sub_807AC10,0x0807a2e4
sub_807AC20,0x0807a2f4
sub_807AC30,0x0807a304
sub_807AC44,0x0807a318
sub_807AC58,0x0807a32c
sub_807AC6C,0x0807a340
sub_807AC80,0x0807a354
sub_807AC94,0x0807a368
sub_807ACA8,0x0807a37c
sub_807ACEC,0x0807a3c0
sub_807ADA8,0x0807a4b4
sub_807ADC4,0x0807a4d0
sub_807ADE0,0x0807a4ec
sub_807ADFC,0x0807a508
sub_807AE18,0x0807a524
sub_807AE2C,0x0807a538
sub_807AE3C,0x0807a548
sub_807AE4C,0x0807a558
sub_807AE5C,0x0807a568
sub_807AE6C,0x0807a578
sub_807AE7C,0x0807a588
sub_807AE94,0x0807a5a2
sub_807AEA8,0x0807a5b8
sub_807AEC8,0x0807a5d8
sub_807AEF0,0x0807a602
sub_807AF10,0x0807a62a
sub_807AF24,0x0807a640
sub_807AF30,0x0807a64c
sub_807AF3C,0x0807a658
sub_807AF50,0x0807a66c
sub_807AFA0,0x0807a6bc
sub_807AFCC,0x0807a6e8
sub_807B1D8,0x0807a8f8
sub_807B1E0,0x0807a900
sub_807B228,0x0807a948
sub_807B24C,0x0807a96c
sub_807B2A8,0x0807a9c8
sub_807B2DC,0x0807a9fc
sub_807B304,0x0807aa24
sub_807B32C,0x0807aa4c
sub_807B3AC,0x0807aacc
ImmediateDisplayMap,0x0807aaf0
sub_807B400,0x0807ab20
TryLockParentProc,0x0807ab50
TryUnlockParentProc,0x0807ab5c
sub_807B448,0x0807ab68
sub_807B478,0x0807ab98
sub_807B498,0x0807abb8
sub_807B4C0,0x0807abe0
sub_807D088,0x0807c4b8
sub_807D328,0x0807c75c
sub_807D370,0x0807c7a4
sub_807D3E0,0x0807c814
sub_807D478,0x0807c8ac
sub_807D4B8,0x0807c8ec
sub_807D534,0x0807c968
sub_807D59C,0x0807c9d0
sub_807D668,0x0807cb08
sub_807D698,0x0807cb38
sub_807D6BC,0x0807cb5c
sub_807D6E0,0x0807cb80
sub_807D7D0,0x0807cc6c
sub_807D848,0x0807cce4
sub_807D870,0x0807cd0c
sub_807D938,0x0807cdd4
sub_807D94C,0x0807cde8
sub_807D95C,0x0807cdf8
sub_807D96C,0x0807ce08
sub_807D990,0x0807ce30
sub_807D9AC,0x0807ce4c
sub_807D9E8,0x0807ce88
sub_807DA28,0x0807cecc
sub_807DA64,0x0807cf0c
sub_807DAF4,0x0807cf1c
sub_807DB3C,0x0807cf48
sub_807DB8C,0x0807cfbe
sub_807DCD0,0x0807d0c0
sub_807DD0C,0x0807d0fc
sub_807DD24,0x0807d114
sub_807DD3C,0x0807d12c
sub_807DDDC,0x0807d174
sub_807DE6C,0x0807d1d0
sub_807DEC0,0x0807d1e4
sub_807DF0C,0x0807d220
sub_807DF44,0x0807d258
sub_807DF88,0x0807d29c
sub_807DFDC,0x0807d2f0
sub_807E074,0x0807d32c
sub_807E090,0x0807d348
sub_807E0A0,0x0807d358
sub_807E0D4,0x0807d37c
sub_807E14C,0x0807d3f0
sub_807E188,0x0807d41c
sub_807E1E8,0x0807d458
sub_807E2F0,0x0807d4ea
sub_807E340,0x0807d538
sub_807E378,0x0807d570
sub_807E3BC,0x0807d5b4
sub_807E3E8,0x0807d5e0
sub_807E414,0x0807d60c
sub_807E428,0x0807d620
sub_807E4C0,0x0807d6b8
sub_807E4E8,0x0807d6e0
sub_807E514,0x0807d70c
sub_807E540,0x0807d738
sub_807E584,0x0807d76a
sub_807E5D4,0x0807d804
EventCall_HideNinianDragonSMS,0x0807d868
EventCall_NinianDragonTrembling,0x0807d878
EventCall_PutFallNinian,0x0807d8f0
sub_807E774,0x0807d908
sub_807E7A4,0x0807d938
sub_807E7F8,0x0807d98c
sub_807E81C,0x0807d9b0
sub_807E838,0x0807d9cc
sub_807E854,0x0807d9e8
sub_807E908,0x0807daa4
sub_807E950,0x0807dad0
sub_807E9A4,0x0807db24
sub_807E9C4,0x0807db44
sub_807E9E0,0x0807db62
sub_807EB44,0x0807dcc4
sub_807EB80,0x0807dd00
sub_807EB9C,0x0807dd1c
sub_807EBCC,0x0807dd4c
sub_807EC58,0x0807ddd8
Finial_EventLoadAllies1,0x0807de54
Finial_EventLoadAllies2,0x0807df0c
Finial_EventLoadAllies3,0x0807dfb4
sub_807EF68,0x0807e0dc
sub_807EF7C,0x0807e0f0
sub_807F104,0x0807e278
sub_807F16C,0x0807e2e0
sub_807F198,0x0807e30c
sub_807F1B8,0x0807e32c
ForceDisplayDragonSprite,0x0807e350
StatScreenPageName_Init,0x08080a90
StatScreenPageName_Main,0x08080b28
StatScreenPageName_CloseMain,0x08080b5c
StatScreenPageName_OpenMain,0x08080c24
PutSpriteTalkBox,0x0808273c
sub_80832E0,0x080829ac
sub_80834D8,0x08082c28
sub_808356C,0x08082cbc
sub_80835D8,0x08082d28
sub_808364C,0x08082d9c
sub_808368C,0x08082ddc
StartHelpBoxTextInit,0x08082ecc
ClearHelpBoxText,0x08082ee8
sub_80837E0,0x08082f30
sub_8083808,0x08082f58
sub_8083838,0x08082f88
sub_8083860,0x08082fb0
sub_8083880,0x08082fd0
sub_8083950,0x080830a0
sub_8083980,0x080830d0
sub_80839C4,0x08083114
sub_80839D8,0x08083128
sub_80839F0,0x08083140
sub_8083A08,0x08083158
sub_8083A48,0x08083198
sub_8083AC0,0x08083210
sub_8083AC8,0x08083218
sub_8083AD8,0x08083228
sub_8083B48,0x08083298
sub_8083B80,0x080832d0
SetDialogueBoxConfig,0x08083308
GetDialogueBoxConfig,0x08083314
sub_8083BB4,0x08083320
InitBoxDialogue,0x080833c0
sub_8083DAC,0x08083518
sub_8083E34,0x080835a0
sub_8083E44,0x080835b0
sub_8083E78,0x080835e4
sub_8083EA8,0x08083614
sub_8083EE0,0x0808364c
sub_8083F70,0x080836dc
sub_8083F98,0x08083704
sub_8083FBC,0x08083728
DialogBoxGetGlyphLen,0x080838fc
DrawBoxDialogueText,0x08083970
sub_80842F8,0x08083a60
sub_8084640,0x08083da8
sub_8084664,0x08083dcc
sub_8084688,0x08083df0
sub_80846E4,0x08083e4c
sub_8084CEC,0x08084454
sub_8084D1C,0x08084484
sub_8084D68,0x080844d0
sub_8084DD4,0x08084534
sub_8084E68,0x080845c8
sub_8084E8C,0x080845ec
sub_8084FC4,0x08084724
sub_8085008,0x08084768
sub_8085110,0x0808487e
sub_808512C,0x0808489c
PutMapUiHpBarLeft,0x080848e2
PutMapUiHpBarMid,0x080848fc
PutMapUiHpBarRight,0x08084938
PutMapUiHpBar,0x08084964
sub_8085254,0x080849c8
sub_80853CC,0x08084b40
sub_8085530,0x08084ca4
sub_8085658,0x08084dcc
sub_808578C,0x08084f00
sub_80857E0,0x08084f54
sub_8085824,0x08084f98
sub_808586C,0x08084fe2
sub_80859B0,0x08085168
sub_8085B0C,0x080852c0
sub_8085C4C,0x08085400
sub_8085C8C,0x08085440
sub_8085E6C,0x08085628
sub_8086044,0x080857f4
sub_808606C,0x0808581c
sub_80861B4,0x08085960
sub_80861DC,0x08085988
sub_8086288,0x08085a34
sub_8086368,0x08085b10
sub_80863B4,0x08085b5c
sub_80863E0,0x08085b88
sub_80864DC,0x08085c84
sub_8086668,0x08085e3c
sub_80866DC,0x08085eb6
sub_80866FC,0x08085ed8
sub_8086748,0x08085f1c
sub_80867D8,0x08085fac
sub_8086960,0x08086150
sub_80869F8,0x080861e8
sub_8086BB8,0x080863a8
sub_8086C00,0x080863f0
sub_8086CFC,0x080864e8
sub_8086D88,0x08086580
sub_8086E0C,0x08086608
sub_8086E98,0x08086694
sub_8086ED4,0x080866d0
sub_8086F18,0x08086714
sub_8086FC0,0x080867b8
PutSioErrorMessage,0x0808684c
OnMain_SioError,0x080868dc
StartSioErrorScreen,0x080869a0
StartChapterStatusHelpBox,0x080869d8
sub_8087208,0x080869fc
sub_8087230,0x08086a24
sub_808726C,0x08086a60
sub_80872A4,0x08086a98
sub_80872E4,0x08086ad8
sub_808734C,0x08086b40
sub_8087380,0x08086b74
sub_80875FC,0x08086df8
sub_808781C,0x08087048
sub_8087864,0x08087090
sub_8087B00,0x08087354
sub_8087B2C,0x08087380
NewChapterStatusScreen,0x0808739c
sub_8087C6C,0x080874bc
SetCgTextFlags,0x08087684
SetCgTextFlag,0x0808769c
ClearCgTextFlag,0x080876c8
GetCgTextFlags,0x080876e8
SetCgTextBlendControl,0x080876f4
GetCgTextBlendControl,0x08087714
sub_8087EC8,0x08087720
sub_8087EE0,0x08087738
sub_8087EEC,0x08087744
sub_8088024,0x080878a0
sub_80883C0,0x08087c3c
sub_80883C8,0x08087c44
sub_8088404,0x08087c80
sub_8088464,0x08087ce0
sub_80884A8,0x08087d24
sub_80884E0,0x08087d5c
sub_8088520,0x08087d9c
sub_8088548,0x08087dc4
StartCgText,0x08087e00
EndCgText,0x08087f48
sub_80886E0,0x08087f5c
sub_80886FC,0x08087f78
sub_8088718,0x08087f94
sub_8088768,0x08087fe4
sub_80887B4,0x08088030
sub_8088834,0x080880b0
sub_8088D08,0x0808857c
sub_808929C,0x08088b34
sub_8089308,0x08088ba0
sub_8089310,0x08088ba8
sub_8089394,0x08088c2c
sub_80893BC,0x08088c54
sub_80893E0,0x08088c78
sub_80893F4,0x08088c8c
StartYesNoChoice,0x08088d88
sub_808954C,0x08088de8
sub_80895BC,0x08088e58
sub_8089638,0x08088ed4
sub_8089720,0x08088fc0
sub_80897E0,0x08089080
sub_808989C,0x0808913c
sub_8089AA8,0x08089344
sub_8089B34,0x080893d0
sub_8089B60,0x080893fc
sub_8089B80,0x0808941c
sub_8089BDC,0x08089478
sub_8089EBC,0x0808975c
sub_8089FCC,0x0808986c
sub_808A074,0x08089914
sub_808A0F4,0x08089994
sub_808A4F8,0x08089da0
sub_808A55C,0x08089e04
sub_808A604,0x08089eac
sub_808A6AC,0x08089f54
sub_808A730,0x08089fd8
sub_808AB70,0x0808a418
sub_808AE64,0x0808a708
sub_808AF78,0x0808a81c
sub_808B038,0x0808a8dc
sub_808B288,0x0808ab2c
sub_808B450,0x0808ace0
sub_808B468,0x0808acf8
sub_808B4C0,0x0808ad50
sub_808B4F0,0x0808ad80
sub_808B520,0x0808adb0
sub_808B5E4,0x0808ae7c
sub_808B654,0x0808aeec
sub_808BF14,0x0808b7d4
SortUnitList,0x0808b7e0
GetLatestUnitIndexInPrepListByUId,0x0808e2e4
PrepGetLatestUnitIndex,0x0808e318
ReorderPlayerUnitsBasedOnDeployment,0x0808e348
SortPlayerUnitsForPrepScreen,0x0808e3b8
AtMenu_UpdateDesc,0x0808ebd4
sub_808F2E4,0x0808ebfc
sub_808F368,0x0808ec80
AtMenu_SetupCtrlUI,0x0808ecac
AtMenu_CtrlLoop,0x0808ecd4
AtMenuSetUnitStateAndEndFlag,0x0808eee4
AtMenu_ResetScreenEffect,0x0808ef1c
AtMenu_ResetBmUiEffect,0x0808ef88
AtMenu_StartSubmenu,0x0808efc4
AtMenu_OnSubmenuEnd,0x0808f058
sub_808F7B4,0x0808f0cc
AtMenu_LockGame,0x0808f0ec
AtMenu_UnlockGame,0x0808f104
StartPrepAtMenu,0x0808f11c
StartPrepAtMenuWithConfig,0x0808f130
HasConvoyAccess_,0x0808f14c
sub_808F8D0,0x0808f1ec
AtUnkMenu_Reinitialize,0x0808f308
sub_808FCAC,0x0808f5f8
sub_808FCF8,0x0808f646
sub_808FD10,0x0808f660
sub_808FD7C,0x0808f6cc
sub_808FDE8,0x0808f738
sub_808FE6C,0x0808f7bc
sub_808FED8,0x0808f828
ConvoyPromotion_Init,0x0808f8a8
sub_808FFD0,0x0808f920
sub_80900E8,0x0808fa44
sub_8090104,0x0808fa60
sub_8090118,0x0808fa74
sub_8090130,0x0808fa8c
sub_80903FC,0x0808fd5c
PrepMenu_OnInit,0x0808fdf4
PrepMenu_CtrlLoop,0x0808fe38
PrepMenu_ShowFrozenHand,0x08090080
PrepMenu_ShowActiveHand,0x080900a8
PrepMenu_OnEnd,0x080900d4
StartPrepScreenMenu,0x080900e8
SetPrepScreenMenuOnBPress,0x0809010c
SetPrepScreenMenuOnStartPress,0x08090128
SetPrepScreenMenuOnEnd,0x08090144
SetPrepScreenMenuItem,0x08090160
SetPrepScreenMenuSelectedItem,0x08090208
GetActivePrepMenuItemIndex,0x08090248
DrawPrepScreenMenuFrameAt,0x08090290
GetPrepMenuItemAmt,0x0809033c
EndPrepScreenMenu,0x08090358
sub_8090A1C,0x0809037c
sub_8090A88,0x080903e8
sub_8090AA4,0x08090404
sub_8090AC0,0x08090420
EnablePrepScreenMenu,0x0809043c
MenuScroll_Init,0x08090458
LockMenuScrollBar,0x080906e0
TryHideMenuScrollBar,0x080906fc
EndMenuScrollBar,0x08090718
StartMenuScrollBar,0x0809072c
PutMenuScrollBarAt,0x08090740
UpdateMenuScrollBarConfig,0x08090760
InitMenuScrollBarImg,0x08090794
StartPrepMuralBackground,0x08090a04
SallyCir_Init,0x08090ab8
SallyCir_Loop,0x08090c08
sub_809145C,0x08090dc4
GetConvoyItemCount_,0x08090ef4
ViewCounter_Loop,0x08090f04
StartViewCounter,0x08090f40
TryLockProc,0x08090f82
TryUnlockProc,0x08090f96
PrepHbKeyListener_Loop,0x08090fac
StartPrepErrorHelpbox,0x08090fd4
IsWeaponUsable,0x0809100c
CountUnitUsableWeapons,0x08091034
sub_80916F4,0x08091064
CheckValidLinkArenaItemSupply,0x08091146
sub_8091828,0x0809119e
GetPrepPageForItem,0x0809121c
sub_80918D8,0x08091250
SomethingPrepListRelated,0x080913ec
sub_8091B48,0x080914c0
sub_8091B8C,0x08091504
sub_8091BAC,0x08091524
sub_8091BD4,0x0809154c
sub_8091C08,0x08091582
PrepItemScreen_HideFunds,0x08091688
PrepItemScreen_SetupGfx,0x080916ac
PrepItemScreen_OnEnd,0x08091ad0
sub_80921FC,0x08091b60
sub_809221C,0x08091b80
sub_809223C,0x08091ba0
sub_809228C,0x08091bf0
sub_80922DC,0x08091c40
PrepItemScreen_Reinit,0x08091c74
sub_809257C,0x08091ef4
PrepItemScreen_StartStatScreen,0x0809201c
PrepItemScreen_ResumeFromStatScreen,0x08092048
sub_8092920,0x080922bc
sub_8092A1C,0x080923a8
sub_8092AF8,0x08092488
sub_8092E84,0x0809283c
sub_8092EDC,0x08092894
sub_8093004,0x080929bc
StartPrepItemTradeScreen,0x08092b20
sub_8093198,0x08092b50
sub_80931B0,0x08092b68
StartPrepArmory,0x08092b80
sub_80931E0,0x08092b98
UpdatePrepItemScreenFace,0x08092bb0
EndPrepItemScreenFace,0x08092c68
StartPrepItemScreen,0x08092c80
sub_80932DC,0x08092c94
sub_80933F0,0x08092da8
sub_8093478,0x08092e30
PrepItem_DrawSMS,0x08092f0c
PrepItemDrawPopupBox,0x08092f80
sub_80937E0,0x0809319c
PrepItemScreen_GiveAll,0x080931d0
PrepUnit_DrawUnitListNames,0x08093218
PrepUpdateMenuTsaScroll,0x080932dc
PrepUnit_DrawSMSAndObjs,0x08093304
PrepUnit_InitTexts,0x08093470
sub_8093B5C,0x08093524
PrepUnit_InitSMS,0x08093590
PrepUnit_DrawLeftUnitName,0x080935c8
PrepUnit_DrawUnitItems,0x08093688
PrepCheckCanUnselectUnit,0x08093938
PrepUnit_HandlePressA,0x080939b0
sub_809402C,0x08093a50
ShouldPrepUnitMenuScroll,0x08093ab0
sub_80940C4,0x08093ae8
sub_809410C,0x08093b30
ProcPrepUnit_OnInit,0x08093b5c
ProcPrepUnit_InitScreen,0x08093b9c
sub_8094374,0x08093d98
sub_809463C,0x08094070
sub_8094684,0x080940b8
sub_80946D0,0x08094104
sub_80946E8,0x0809411c
sub_8094714,0x08094148
ProcPrepUnit_OnEnd,0x080941a8
ProcPrepUnit_OnGameStart,0x080941d4
sub_80947C0,0x080941f4
sub_80947E0,0x08094214
PrepUnitDisableDisp,0x0809425c
PrepUnitEnableDisp,0x08094280
sub_809486C,0x080942a0
sub_8094888,0x080942bc
PrepItemTrade_ApplyItemSwap,0x080942d4
sub_8094AC0,0x0809454c
sub_8094BA4,0x08094630
sub_8094BE0,0x0809466c
PrepItemTrade_OnEnd,0x08094c4c
StartPrepItemTradeScreenProc,0x08094c64
PrepItemUseTryMoveHand,0x08094ca8
sub_8095800,0x080952c4
sub_8095824,0x080952e8
sub_8095830,0x080952f4
sub_8095C90,0x08095760
sub_8095D1C,0x080957f8
sub_8095D38,0x08095814
sub_8095D58,0x08095834
PrepItemUse_WaitPromotionDone,0x08095b34
PrepItemUse_PostPromotion,0x08095b54
PrepItemUse_ResetBgmAfterPromo,0x08095b84
sub_80960C4,0x08095ba0
StartPrepItemUseScreen,0x08095bbc
PrepItemUseBooster_OnInit,0x08095cbc
PrepItemUseBooster_IDLE,0x08095e34
PrepItemUseBooster_OnEnd,0x08095e78
sub_80963FC,0x08095f00
StoreConvoyWeaponIconGraphics,0x08095f78
sub_80964A0,0x08095fb4
sub_80965B4,0x080960cc
sub_8096618,0x08096130
sub_80966CC,0x080961e6
sub_8096708,0x08096224
sub_8096784,0x080962a0
sub_80967C0,0x080962dc
sub_80968E8,0x08096420
sub_8096938,0x08096488
sub_80969A8,0x08096510
sub_8096A38,0x080965a0
sub_8096DEC,0x080969a8
sub_8097020,0x08096be0
sub_80973E0,0x08096f98
sub_80973EC,0x08096fa4
sub_80978D8,0x0809749c
sub_8097974,0x08097538
sub_8097990,0x08097554
PrepItemList_Init,0x0809785c
sub_8097DD4,0x080979a8
sub_80981E0,0x08097da8
sub_8098210,0x08097dd8
sub_8098C0C,0x08098668
StartPrepItemListScreenProc,0x080988c4
sub_8098EF4,0x08098956
WmSell_Init,0x08098990
sub_8098FDC,0x08098a5c
sub_8099050,0x08098ad0
sub_80990A4,0x08098b24
sub_80991C4,0x08098c40
sub_8099438,0x08098eac
sub_80994D4,0x08098f48
sub_8099688,0x080990fc
sub_8099840,0x080992b8
sub_809997C,0x080992f4
sub_8099B2C,0x080994a8
sub_8099B50,0x080994cc
StartFortuneSubMenu,0x08099510
sub_8099BB0,0x0809952c
GetChapterDivinationTextIdBeginning,0x080995a0
sub_8099C44,0x080995bc
sub_8099C60,0x080995d8
GetChapterDivinationPortrait,0x080995f4
sub_8099C98,0x08099610
sub_8099CB4,0x0809962c
sub_8099CDC,0x08099654
sub_8099CF0,0x08099668
sub_8099D00,0x0809967a
sub_8099DC0,0x08099740
sub_8099DC8,0x08099748
sub_8099E1C,0x0809979c
sub_8099E34,0x080997b4
sub_8099FE8,0x08099968
sub_809A044,0x080999c4
sub_809A0E8,0x08099a68
sub_809A270,0x08099bf8
sub_809A294,0x08099c1c
sub_809A2E4,0x08099c6c
sub_809A324,0x08099cac
sub_809A404,0x08099d8c
sub_809A47C,0x08099e04
sub_809A528,0x08099eb0
sub_809A560,0x08099ee8
sub_809A978,0x0809a2dc
sub_809A9FC,0x0809a360
sub_809AD54,0x0809a658
sub_809AEDC,0x0809a7e4
sub_809AF38,0x0809a840
sub_809B098,0x0809a9a0
sub_809B1FC,0x0809ab00
sub_809B248,0x0809ab4c
sub_809B2A0,0x0809aba4
sub_809B2BC,0x0809abc0
sub_809B2FC,0x0809ac00
sub_809B380,0x0809ac84
sub_809B510,0x0809ae18
sub_809B554,0x0809ae5c
sub_809B654,0x0809af60
sub_809B674,0x0809af80
sub_809B6D4,0x0809afe0
sub_809B6F8,0x0809b004
sub_809B73C,0x0809b048
sub_809B798,0x0809b0a4
sub_809B858,0x0809b164
sub_809B874,0x0809b180
sub_809B890,0x0809b19c
sub_809B8D0,0x0809b1dc
sub_809B968,0x0809b274
sub_809BA00,0x0809b30c
GetSupportScreenPartnerSupportLevel,0x0809b360
GetSupportScreenPartnerClassId,0x0809b378
GetSupportScreenPartnerIsAlive,0x0809b390
GetSupportScreenPartnerCharId,0x0809b3ac
GetSupportScreenCharIdAt,0x0809b3d0
GetSupportScreenClassIdAt,0x0809b3e4
GetSupportClassForCharId,0x0809b3f8
sub_809BB30,0x0809b44a
sub_809BB58,0x0809b474
SupportScreen_SetupUnits,0x0809b4b4
sub_809BE18,0x0809b730
GetTotalSupportLevel,0x0809b7a0
Support_GetSupportLevelTextColor,0x0809b7dc
SupportScreen_OnInit,0x0809b8e0
DrawSupportScreenUnitSprites,0x0809b8f4
sub_809C038,0x0809b960
SupportScreen_SetupGraphics,0x0809b9f0
SupportScreen_OnEnd,0x0809bd14
sub_809C410,0x0809bd38
sub_809C7B4,0x0809c0e8
sub_809C7CC,0x0809c100
StartSupportScreenFromPrepScreen,0x0809c13c
StartSupportScreen,0x0809c154
UiSupport_GetSupportTalkSong,0x0809c280
sub_809C980,0x0809c2b8
sub_809CAFC,0x0809c418
sub_809CB24,0x0809c440
sub_809CD78,0x0809c714
sub_809CDA0,0x0809c73c
sub_809CDD0,0x0809c76c
sub_809CE20,0x0809c7bc
GetSupportScreenPartnerCount,0x0809c846
sub_809CEC8,0x0809c868
DrawSupportSubScreenUnitPartnerText,0x0809c978
InitSupportSubScreenPartners,0x0809cc48
sub_809D420,0x0809cd2c
sub_809D450,0x0809cd5c
sub_809D4D0,0x0809cddc
sub_809D528,0x0809ce34
sub_809D5A4,0x0809ceb0
sub_809D5F0,0x0809cefc
sub_809D850,0x0809d170
sub_809DB74,0x0809d4a0
sub_809DEEC,0x0809d824
sub_809E0C0,0x0809d9f8
SupportSubScreen_PrepareSupportConvo,0x0809da18
sub_809E134,0x0809da6c
StartSupportUnitSubScreen,0x0809daa4
sub_809E1A8,0x0809dadc
sub_809E1B8,0x0809daec
sub_809E1CC,0x0809db00
sub_809E218,0x0809db4c
sub_809E244,0x0809db78
sub_809E25C,0x0809db90
sub_809E298,0x0809dbcc
sub_809E32C,0x0809dc60
sub_809E3FC,0x0809dd30
ModifyPassword,0x0809df1c
sub_809E6C0,0x0809dfec
sub_809E794,0x0809e0c2
sub_809E7C4,0x0809e0f4
InitPassword,0x0809e12c
sub_809E8F0,0x0809e220
sub_809E9DC,0x0809e30c
sub_809EB74,0x0809e4a4
sub_809EE0C,0x0809e740
sub_809F344,0x0809ec80
sub_809F364,0x0809eca0
sub_809F384,0x0809ecc0
sub_809F3AC,0x0809ece8
sub_809F3D4,0x0809ed10
sub_809F3EC,0x0809ed28
sub_809F40C,0x0809ed48
sub_809F468,0x0809eda4
sub_809F490,0x0809edcc
sub_809F4C8,0x0809ee04
sub_809F4F0,0x0809ee2c
sub_809F50C,0x0809ee48
sub_809F5B0,0x0809eec2
GetUnitsAverageSupportValue,0x0809ef0c
sub_809F660,0x0809ef70
sub_809F688,0x0809ef98
GetTotalSupportCollection,0x0809efdc
GetGlobalBestSupport,0x0809f01c
UpdateBestGlobalSupportValue,0x0809f1a0
sub_809F908,0x0809f21c
GGM_IsAnyCharacterKnown,0x0809f2a8
IsGamePlayedThrough,0x0809f2e4
CheckLinkedToFE6,0x0809f30c
ReadFe6LinkSaveInfo,0x0809f350
WriteFe6LinkSaveInfo,0x0809f3a8
sub_809FAC0,0x0809f3d4
sub_809FADC,0x0809f3f0
sub_809FAF4,0x0809f408
LoadAndVerfyRankData,0x0809f428
LoadBonusContentData,0x0809f484
SaveBonusContentData,0x0809f4e0
sub_809FC00,0x0809f514
sub_809FC30,0x0809f544
sub_809FC60,0x0809f574
sub_809FCC4,0x0809f5d8
sub_809FD04,0x0809f618
sub_809FDC4,0x0809f6d8
SaveEndgameRankings,0x0809f968
sub_80A00A4,0x0809f9b8
LoadAndVerifySoundRoomData,0x0809f9dc
WriteSoundRoomSaveData,0x0809fa34
IsSoundRoomSongUnlocked,0x0809fa60
UnlockSoundRoomSong,0x0809fa98
sub_80A01C8,0x0809fadc
sub_80A01EC,0x0809fb00
sub_80A0244,0x0809fb58
sub_80A0270,0x0809fb84
sub_80A02A8,0x0809fbbc
ClearPidChStatsSaveData,0x0809fcdc
ClearPidStats,0x0809fda0
ReadPidStats,0x0809fdf4
ReadChapterStats,0x0809fe20
WritePidStats,0x0809fe3c
WriteChapterStats,0x0809fe60
GetChapterStats,0x0809fe74
sub_80A053C,0x0809fec4
GetNextChapterStatsEntry,0x0809ff08
sub_80A05FC,0x0809ff84
sub_80A0628,0x0809ffb0
sub_80A067C,0x080a0008
sub_80A06BC,0x080a0048
PidStatsRecordLoseData,0x080a0154
sub_80A0938,0x080a02c4
PidStatsAddStatView,0x080a0304
sub_80A09B8,0x080a0344
PidStatsAddMove,0x080a0394
PidStatsAddExpGained,0x080a03f4
PidStatsSubFavval08,0x080a0454
sub_80A0ADC,0x080a0468
sub_80A0B5C,0x080a04f0
sub_80A0B88,0x080a051e
sub_80A0BA8,0x080a0540
sub_80A0BDC,0x080a0574
sub_80A0C14,0x080a05ac
IsPlaythroughIdUnique,0x080a0684
GetGlobalCompletionCntByInfo,0x080a06fa
GetGlobalCompletionCount,0x080a0718
RegisterCompletedPlaythrough,0x080a0738
GetPidStats,0x080a08c4
sub_80A0F08,0x080a08f0
sub_80A0F14,0x080a08fc
sub_80A0F20,0x080a0908
sub_80A0F3C,0x080a0924
WriteLastGameSaveId,0x080a0948
ReadLastGameSaveId,0x080a0968
sub_80A0FA8,0x080a0990
CopyGameSave,0x080a09d0
WriteNewGameSave,0x080a0a38
WriteGameSave,0x080a0b84
IsSaveValid,0x080a0d14
ReadGameSavePlaySt,0x080a0d28
sub_80A135C,0x080a0d48
sub_80A1384,0x080a0d72
sub_80A1398,0x080a0d8a
sub_80A13B8,0x080a0dac
WriteGameSavePackedUnit,0x080a0ddc
LoadSavedUnit,0x080a11f0
InvalidateSuspendSave,0x080a1424
ReadSuspendSave,0x080a15a4
IsValidSuspendSave,0x080a16d0
ReadSuspendSavePackedUnit,0x080a1a1c
WriteTraps,0x080a1c3c
ReadTraps,0x080a1c58
sub_80A22AC,0x080a1c7c
sub_80A22CC,0x080a1c9c
WriteSwappedSuspendSaveId,0x080a1cac
SramChecksum32,0x080a1cd4
VerifySaveBlockChecksum,0x080a1cfc
PopulateSaveBlockChecksum,0x080a1d20
sub_80A236C,0x080a1d3c
sub_80A2440,0x080a1e10
sub_80A2448,0x080a1e18
sub_80A25D8,0x080a1fbc
sub_80A261C,0x080a2000
sub_80A2658,0x080a203c
sub_80A26AC,0x080a2090
sub_80A2724,0x080a2108
sub_80A27C0,0x080a21a4
sub_80A2820,0x080a2204
sub_80A2884,0x080a2268
sub_80A28C0,0x080a22a4
sub_80A28E8,0x080a22cc
sub_80A2924,0x080a2308
sub_80A294C,0x080a2330
sub_80A2C64,0x080a2368
sub_80A2CD0,0x080a23d8
sub_80A2D80,0x080a248c
sub_80A2E14,0x080a2520
sub_80A2EB8,0x080a25c4
sub_80A2FE0,0x080a26ee
sub_80A32C8,0x080a29e0
sub_80A3318,0x080a2a30
sub_80A3540,0x080a2c58
sub_80A35BC,0x080a2cd8
sub_80A36F8,0x080a2e10
sub_80A38A4,0x080a2fbc
sub_80A3AE0,0x080a31fc
sub_80A3B20,0x080a323c
sub_80A3BAC,0x080a32c8
sub_80A3C2C,0x080a3348
sub_80A3DBC,0x080a34d8
sub_80A3DDC,0x080a34f8
sub_80A3E18,0x080a3534
sub_80A3EF8,0x080a3614
sub_80A3F0C,0x080a3628
sub_80A4254,0x080a3970
ProcSaveMenu_InitScreen,0x080a3a44
SaveMenuInit,0x080a3d20
SaveMenuInitUnused,0x080a3d64
SaveMenu_080A465C,0x080a3da8
sub_80A4924,0x080a4068
sub_80A4B10,0x080a4254
sub_80A4D64,0x080a44a8
sub_80A4D70,0x080a44b4
sub_80A4D80,0x080a44c4
sub_80A50A0,0x080a47e4
sub_80A50F0,0x080a4840
sub_80A5138,0x080a4888
sub_80A517C,0x080a48cc
sub_80A51CC,0x080a491c
sub_80A5218,0x080a4968
sub_80A53C4,0x080a4b14
sub_80A542C,0x080a4b7c
sub_80A54A8,0x080a4bf8
sub_80A5688,0x080a4ddc
SaveMenu_Finish,0x080a4df4
sub_80A57BC,0x080a4eac
SaveMenuPostExtraMiscScreen,0x080a4f1c
sub_80A58C4,0x080a4fac
sub_80A5920,0x080a500c
sub_80A5A94,0x080a51a8
StartMainMenu,0x080a51b4
sub_80A5AD8,0x080a51ec
sub_80A5B0C,0x080a520c
sub_80A5B20,0x080a5234
sub_80A5D24,0x080a543c
sub_80A5D6C,0x080a5484
sub_80A5E18,0x080a559a
sub_80A5E30,0x080a55b4
sub_80A5EFC,0x080a5680
SaveDraw_Init,0x080a588c
sub_80A61B0,0x080a5934
sub_80A61FC,0x080a5980
sub_80A6278,0x080a59fc
SaveDraw_Loop,0x080a5c88
SaveDrawCursor_Init,0x080a6170
SaveDrawCursor_Loop,0x080a61a4
sub_80A6B4C,0x080a6304
sub_80A6B6C,0x080a6324
StartSaveDrawCursor,0x080a6354
sub_80A6BB0,0x080a6368
sub_80A6C3C,0x080a6410
sub_80A6C74,0x080a6448
SaveMenuModifySaveSlot,0x080a658c
sub_80A6E44,0x080a65fc
sub_80A6FF4,0x080a67b0
sub_80A7028,0x080a67e4
StartSaveBgUp,0x080a6800
sub_80A7058,0x080a6814
sub_80A715C,0x080a6918
sub_80A71EC,0x080a69a8
SaveMenuGetValidMenuAmt,0x080a6ab0
TactBlood_End,0x080a72f8
StartTactBloodSelect,0x080a7330
sub_80A7D9C,0x080a7344
sub_80A7E4C,0x080a73fc
sub_80A806C,0x080a7624
StartTactBirthSelect,0x080a765c
sub_80A8140,0x080a76f4
sub_80A82B8,0x080a7874
StartTactGenderSelect,0x080a78ac
sub_80A8304,0x080a78c0
sub_80A9A1C,0x080a902c
sub_80A9A3C,0x080a904c
StartUiSpinningArrows,0x080a91f8
LoadUiSpinningArrowGfx,0x080a920c
SetUiSpinningArrowConfig,0x080a9278
SetUiSpinningArrowPositions,0x080a9294
SetUiSpinningArrowFastMaybe,0x080a92bc
sub_80A9CE4,0x080a92f4
sub_80ABAAC,0x080ab100
sub_80ABAE0,0x080ab134
sub_80ABAEC,0x080ab140
sub_80ABB08,0x080ab15c
sub_80ABB24,0x080ab178
sub_80ABBB4,0x080ab248
sub_80ABC4C,0x080ab29a
sub_80ABC60,0x080ab2b2
sub_80ABC78,0x080ab2d0
sub_80ABCB0,0x080ab30a
sub_80ABCD0,0x080ab32c
sub_80ABD24,0x080ab380
sub_80ABE84,0x080ab4e0
sub_80ABEA8,0x080ab504
sub_80ABEF0,0x080ab54c
sub_80ABF30,0x080ab58c
sub_80AC0AC,0x080ab708
sub_80AC10C,0x080ab768
sub_80AC16C,0x080ab7c8
sub_80AC1A4,0x080ab800
sub_80AC1EC,0x080ab848
sub_80AC1F8,0x080ab854
sub_80AC304,0x080ab962
sub_80AC324,0x080ab984
sub_80AC3D0,0x080aba30
sub_80AC42C,0x080aba8c
sub_80AC4C0,0x080abb20
sub_80AC4E8,0x080abb48
sub_80AC538,0x080abb98
sub_80AC670,0x080abcd2
sub_80AC998,0x080ac024
sub_80AC9E4,0x080ac070
sub_80ACA1C,0x080ac0a8
sub_80ACC30,0x080ac2bc
sub_80ACC60,0x080ac2ec
sub_80ACDD8,0x080ac464
sub_80ACEAC,0x080ac538
sub_80ACF54,0x080ac5e0
sub_80ACFB4,0x080ac644
sub_80AD1A4,0x080ac838
sub_80AD2D0,0x080ac970
sub_80AD39C,0x080aca3c
sub_80AD424,0x080acac4
sub_80AD460,0x080acb00
sub_80AD53C,0x080acbdc
sub_80AD544,0x080acbe4
sub_80AD664,0x080acd04
sub_80AD678,0x080acd18
sub_80AD688,0x080acd28
sub_80AD6C0,0x080acd60
sub_80AD704,0x080acda4
sub_80AD738,0x080acdd8
sub_80AD754,0x080acdf4
sub_80AD778,0x080ace18
sub_80AD7DC,0x080ace7c
sub_80AD914,0x080acfd8
sub_80AD920,0x080acfe4
sub_80AD968,0x080ad02c
sub_80AD97C,0x080ad040
sub_80AD994,0x080ad058
sub_80AD9D0,0x080ad094
sub_80ADA3C,0x080ad100
sub_80ADD5C,0x080ad3d8
sub_80ADD88,0x080ad404
sub_80ADE84,0x080ad4fc
sub_80AE0D4,0x080ad748
sub_80AE33C,0x080ad9b0
sub_80AE3AC,0x080ada20
sub_80AE3C4,0x080ada38
sub_80AE584,0x080adbfc
sub_80AE608,0x080adc80
sub_80AE740,0x080addbc
sub_80AE9F4,0x080ae078
sub_80AEA10,0x080ae094
sub_80AEA60,0x080ae0e8
sub_80AEAA4,0x080ae12c
sub_80AEB3C,0x080ae1c4
sub_80AEBDC,0x080ae264
sub_80AEC4C,0x080ae2d4
sub_80AECCC,0x080ae354
sub_80AEDA8,0x080ae434
sub_80AEDC0,0x080ae44c
sub_80AEEB8,0x080ae544
sub_80AF114,0x080ae7e8
sub_80AF130,0x080ae804
sub_80AF194,0x080ae868
sub_80AF278,0x080ae94e
sub_80AF3F4,0x080aeaba
sub_80AF608,0x080aeccc
sub_80AF8F8,0x080aefc4
sub_80AF93C,0x080af008
sub_80AF944,0x080af2e8
sub_80AFB94,0x080af538
sub_80AFBE8,0x080af58c
sub_80B0160,0x080afd2c
sub_80B0170,0x080afd3c
sub_80B01BC,0x080afd60
sub_80B03D4,0x080aff7c
sub_80B03E0,0x080aff88
sub_80B044C,0x080afff4
sub_80B04EC,0x080b0094
sub_80B05B8,0x080b0160
sub_80B05F0,0x080b0198
sub_80B0634,0x080b01dc
sub_80B065C,0x080b0204
sub_80B06B4,0x080b025e
sub_80B0714,0x080b02bc
sub_80B0BF4,0x080b07bc
sub_80B0E7C,0x080b0a44
sub_80B0EBC,0x080b0a84
sub_80B10CC,0x080b0c9c
sub_80B1148,0x080b0d54
sub_80B1174,0x080b0d80
sub_80B11DC,0x080b0de8
sub_80B11FC,0x080b0e08
sub_80B121C,0x080b0e28
sub_80B123C,0x080b0e48
sub_80B125C,0x080b0e68
sub_80B127C,0x080b0e88
sub_80B1348,0x080b0f54
sub_80B13B0,0x080b0fbc
sub_80B13E4,0x080b0ff0
sub_80B1418,0x080b1024
sub_80B1428,0x080b1034
sub_80B1454,0x080b1060
sub_80B14B8,0x080b10c4
sub_80B14D0,0x080b10dc
sub_80B1560,0x080b116c
sub_80B15F0,0x080b11fc
sub_80B1630,0x080b123c
sub_80B18D4,0x080b14e0
sub_80B1978,0x080b15ac
sub_80B19DC,0x080b1644
sub_80B1A24,0x080b16b4
sub_80B1A44,0x080b16d4
sub_80B1A5C,0x080b16ec
sub_80B1A74,0x080b1704
sub_80B1A8C,0x080b171c
sub_80B1AC4,0x080b1754
sub_80B1D44,0x080b19e8
sub_80B1E0C,0x080b1ab0
sub_80B1E24,0x080b1ac8
sub_80B1E4C,0x080b1af0
sub_80B1E64,0x080b1b08
sub_80B1E90,0x080b1b34
sub_80B1EBC,0x080b1b60
sub_80B1ED4,0x080b1b78
sub_80B2108,0x080b1dac
sub_80B2140,0x080b1de4
sub_80B217C,0x080b1e20
sub_80B25C8,0x080b226c
sub_80B26A4,0x080b2340
sub_80B26DC,0x080b2378
sub_80B2714,0x080b23b0
sub_80B27D8,0x080b2474
sub_80B28D8,0x080b2574
sub_80B2904,0x080b25a0
sub_80B29AC,0x080b2648
sub_80B2A70,0x080b270c
sub_80B2A9C,0x080b2738
sub_80B2AF8,0x080b2794
sub_80B2B64,0x080b2808
sub_80B2BB4,0x080b2858
sub_80B2BDC,0x080b2880
sub_80B2C4C,0x080b28f4
sub_80B2D3C,0x080b29e4
sub_80B2D50,0x080b29f8
sub_80B2D90,0x080b2a38
sub_80B2DD4,0x080b2a7c
sub_80B2E44,0x080b2aec
sub_80B2EC0,0x080b2b68
sub_80B2FC8,0x080b2c70
sub_80B2FE4,0x080b2c8c
sub_80B3070,0x080b2d18
sub_80B30E0,0x080b2d88
sub_80B31DC,0x080b2e84
sub_80B3310,0x080b2fb8
sub_80B332C,0x080b2fd4
sub_80B3350,0x080b2ff8
sub_80B336C,0x080b3014
sub_80B3398,0x080b3040
sub_80B33C4,0x080b306c
sub_80B33F4,0x080b309c
sub_80B3418,0x080b30c0
sub_80B3448,0x080b30f0
sub_80B34A0,0x080b3148
sub_80B34C8,0x080b3170
sub_80B34E8,0x080b3190
sub_80B3874,0x080b351c
sub_80B38AC,0x080b3554
sub_80B38E4,0x080b358c
sub_80B3908,0x080b35b0
sub_80B3968,0x080b3610
sub_80B39BC,0x080b3664
sub_80B39D4,0x080b367c
sub_80B39EC,0x080b3694
sub_80B3A08,0x080b36b0
sub_80B3A84,0x080b372c
sub_80B3A9C,0x080b3744
sub_80B3AB4,0x080b375c
sub_80B3B44,0x080b37ec
sub_80B3BD0,0x080b3878
sub_80B3CD4,0x080b397c
sub_80B3D30,0x080b39d8
sub_80B3D4C,0x080b39f4
sub_80B3D64,0x080b3a0c
sub_80B3D98,0x080b3a40
sub_80B3DB8,0x080b3a60
sub_80B3DD4,0x080b3a7c
sub_80B3DE4,0x080b3a8c
sub_80B3DF0,0x080b3a98
sub_80B3E94,0x080b3b3c
sub_80B3F48,0x080b3bf0
sub_80B4050,0x080b3cf8
sub_80B40D8,0x080b3d6c
sub_80B41F0,0x080b3e80
sub_80B41FC,0x080b3e8c
sub_80B4208,0x080b3e98
sub_80B44D8,0x080b4168
sub_80B4534,0x080b41c4
sub_80B4558,0x080b41e8
sub_80B45DC,0x080b426c
sub_80B45FC,0x080b428c
sub_80B4690,0x080b4320
sub_80B4750,0x080b43e2
sub_80B4778,0x080b440c
sub_80B4810,0x080b44a4
sub_80B4934,0x080b45c4
sub_80B49A8,0x080b4638
sub_80B4A20,0x080b46b0
sub_80B4A3C,0x080b46cc
sub_80B4A50,0x080b46e0
sub_80B4A90,0x080b4720
sub_80B4AC8,0x080b4758
sub_80B4B08,0x080b4798
sub_80B4B58,0x080b47e8
sub_80B4BDC,0x080b486c
sub_80B4BF0,0x080b4880
sub_80B4C34,0x080b48c4
sub_80B4C58,0x080b48e8
sub_80B4CB0,0x080b4940
sub_80B4CD0,0x080b4960
sub_80B4CEC,0x080b497c
sub_80B50F4,0x080b4d9c
sub_80B5130,0x080b4dda
sub_80B5148,0x080b4df4
sub_80B519C,0x080b4e48
sub_80B520C,0x080b4eb8
sub_80B5330,0x080b4fdc
sub_80B5430,0x080b50e0
sub_80B549C,0x080b514c
sub_80B5600,0x080b52b0
sub_80B5648,0x080b52f8
sub_80B56B0,0x080b5360
sub_80B5724,0x080b53cc
sub_80B58FC,0x080b55a4
sub_80B5934,0x080b55dc
sub_80B59AC,0x080b5654
sub_80B5A48,0x080b56f0
sub_80B5A80,0x080b5728
sub_80B5B34,0x080b57dc
sub_80B5B6C,0x080b5814
sub_80B5CA8,0x080b5950
sub_80B5D98,0x080b5a44
sub_80B5DBC,0x080b5a68
sub_80B5EE4,0x080b5b90
sub_80B60A0,0x080b5d48
sub_80B60F0,0x080b5d98
sub_80B6240,0x080b5ee8
sub_80B6250,0x080b5ef8
sub_80B6374,0x080b601c
sub_80B63AC,0x080b6054
sub_80B63DC,0x080b6084
StartWorldMapEvent,0x080b60ac
sub_80B6444,0x080b60ec
sub_80B6450,0x080b60f8
sub_80B6464,0x080b610c
sub_80B6580,0x080b6228
sub_80B65CC,0x080b6274
sub_80B6664,0x080b630c
sub_80B66C0,0x080b6368
sub_80B6754,0x080b63fc
sub_80B68A4,0x080b6548
sub_80B6964,0x080b6608
sub_80B698C,0x080b6630
sub_80B69A0,0x080b6644
sub_80B6A1C,0x080b66c0
sub_80B6B60,0x080b6804
sub_80B6C8C,0x080b6944
sub_80B6DEC,0x080b6aa6
sub_80B6E40,0x080b6afc
WorldFlushInit,0x080b6b54
WorldFlushOut,0x080b6c54
sub_80B7018,0x080b6cd0
sub_80B7070,0x080b6d28
sub_80B7084,0x080b6d3c
sub_80B7094,0x080b6d4c
sub_80B70A4,0x080b6d5c
sub_80B70D0,0x080b6d88
sub_80B7100,0x080b6db8
sub_80B71F8,0x080b6eb0
sub_80B7230,0x080b6ee8
sub_80B7328,0x080b6fe0
sub_80B735C,0x080b7014
sub_80B7480,0x080b7148
sub_80B74C0,0x080b7188
sub_80B7540,0x080b7208
sub_80B75A4,0x080b7270
sub_80B75DC,0x080b72a8
sub_80B75FC,0x080b72c8
sub_80B7654,0x080b7320
sub_80B76D0,0x080b739c
sub_80B776C,0x080b7434
sub_80B77A0,0x080b7468
ComputeChapterRankings,0x080b7548
sub_80B79FC,0x080b7828
sub_80B7A74,0x080b78a4
sub_80B7B30,0x080b795e
sub_80B7B4C,0x080b797c
sub_80B7BBC,0x080b79ec
sub_80B7BCC,0x080b79fc
sub_80B7C10,0x080b7a40
sub_80B7C40,0x080b7a70
sub_80B7E60,0x080b7ca8
sub_80B7F54,0x080b7d9c
sub_80B7FA0,0x080b7de8
sub_80B8054,0x080b7ea8
sub_80B8084,0x080b7ed8
sub_80B812C,0x080b7f8c
sub_80B8198,0x080b7ff8
sub_80B81B4,0x080b8014
sub_80B8260,0x080b80c0
sub_80B82DC,0x080b813c
sub_80B8384,0x080b81e4
sub_80B8464,0x080b82c8
sub_80B8484,0x080b82e8
sub_80B84A4,0x080b8308
sub_80B85C0,0x080b83f0
sub_80B86C0,0x080b84f0
sub_80B87F0,0x080b8620
sub_80B8808,0x080b8638
sub_80B89C0,0x080b87f8
sub_80B8A20,0x080b885a
sub_80B8A38,0x080b8874
sub_80B8AB4,0x080b8914
sub_80B8B64,0x080b89cc
sub_80B8BF8,0x080b8a68
sub_80B8D64,0x080b8d14
sub_80B8D8C,0x080b8d3c
sub_80B8DFC,0x080b8dac
sub_80B8E80,0x080b8e30
sub_80B8F48,0x080b8ef8
sub_80B8F84,0x080b8f34
sub_80B8FC0,0x080b8f70
sub_80B8FF4,0x080b8fa4
sub_80B9038,0x080b8fe8
sub_80B91C4,0x080b9174
sub_80B91D8,0x080b9188
sub_80B9244,0x080b91f4
sub_80B9250,0x080b9200
sub_80B92E8,0x080b92b0
sub_80B94A0,0x080b94d0
sub_80B94EC,0x080b951c
sub_80B96F0,0x080b97ec
sub_80B97A0,0x080b989c
sub_80B97EC,0x080b98e8
sub_80B980C,0x080b9908
sub_80B9A4C,0x080b9b60
sub_80B9B1C,0x080b9c34
sub_80B9B80,0x080b9c98
sub_80B9C0C,0x080b9d24
sub_80B9C20,0x080b9d38
sub_80B9C88,0x080b9da0
sub_80BA15C,0x080ba110
sub_80BA640,0x080ba604
sub_80BA8DC,0x080ba8bc
sub_80BA918,0x080ba8f8
sub_80BA948,0x080ba928
sub_80BA960,0x080ba940
sub_80BAA54,0x080baa34
sub_80BAA80,0x080baa60
sub_80BAA8C,0x080baa6c
sub_80BAAB8,0x080baa98
sub_80BAACC,0x080baaac
sub_80BAAE0,0x080baac0
sub_80BAC14,0x080babfc
sub_80BAD64,0x080bad4c
sub_80BAE58,0x080bae40
sub_80BAE6C,0x080bae54
sub_80BBB5C,0x080bbc18
sub_80BBD28,0x080bbde4
sub_80BBD98,0x080bbe54
sub_80BBDA8,0x080bbe64
HBlank_80BBDD0,0x080bbe8c
sub_80BBF64,0x080bc024
sub_80BC240,0x080bc35c
sub_80BC448,0x080bc5c0
OpAnim_DrawWater,0x080bc648
sub_80BC53C,0x080bc6b4
sub_80BC5B0,0x080bc728
sub_80BC664,0x080bc7e0
sub_80BC688,0x080bc804
sub_80BC730,0x080bc8ac
sub_80BC7D8,0x080bc954
sub_80BC848,0x080bc9c4
sub_80BC858,0x080bc9d4
sub_80BC884,0x080bca00
sub_80BC8B8,0x080bca34
sub_80BCAAC,0x080bcc28
sub_80BCACC,0x080bcc48
sub_80BCB00,0x080bcc7c
sub_80BCB0C,0x080bcc88
sub_80BCD00,0x080bce78
OpAnim_DrawCloud,0x080bceac
sub_80BCE9C,0x080bd014
sub_80BCEBC,0x080bd034
sub_80BCFC4,0x080bd158
sub_80BCFD8,0x080bd16c
sub_80BCFEC,0x080bd182
sub_80BD000,0x080bd198
sub_80BD0B4,0x080bd24c
sub_80BD19C,0x080bd334
sub_80BD1F0,0x080bd388
sub_80BD2CC,0x080bd464
sub_80BD304,0x080bd49c
sub_80BD358,0x080bd4f0
sub_80BD36C,0x080bd504
sub_80BD3A0,0x080bd54c
sub_80BD47C,0x080bd62c
sub_80BD4E0,0x080bd690
sub_80BD534,0x080bd6c4
sub_80BD904,0x080bd978
sub_80BD978,0x080bd9e4
sub_80BD98C,0x080bd9fa
sub_80BD9B8,0x080bda28
sub_80BDB24,0x080bdb94
sub_80BDB40,0x080bdbb0
Proc_08DB9398_Loop,0x080bdc54
sub_80BDC2C,0x080bdc9c
sub_80BDCC0,0x080bdd30
sub_80BDCFC,0x080bdd6c
sub_80BDD34,0x080bdda4
sub_80BDE68,0x080bded8
sub_80BDEBC,0x080bdf2c
sub_80BDF7C,0x080bdfec
sub_80BE01C,0x080be08c
sub_80BE04C,0x080be0bc
sub_80BE0B4,0x080be13a
sub_80BE0CC,0x080be154
sub_80BE1D0,0x080be258
sub_80BE1DC,0x080be264
sub_80BE2A8,0x080be330
sub_80BE398,0x080be420
SoundMain,0x080be42c
SoundMainRAM,0x080be4b0
sub_80BE434,0x080be4bc
sub_80BE488,0x080be510
sub_80BE4B6,0x080be53e
sub_80BE5C0,0x080be648
sub_80BE7A8,0x080be830
_080BE7C6,0x080be84e
SoundMainBTM,0x080be854
ClearChain,0x080be86c
MPlyJmpTblCopy,0x080be8bc
ldrb_r3_r2,0x080be8d4
sub_80BE86A,0x080be8f2
ply_patt,0x080be91c
ply_pend,0x080be938
ply_rept,0x080be94c
ply_prio,0x080be97c
ply_tempo,0x080be988
ply_keysh,0x080be99c
ply_voice,0x080be9b0
ply_vol,0x080be9e0
ply_pan,0x080be9f4
ply_bend,0x080bea08
ply_bendr,0x080bea1c
ply_lfodl,0x080bea30
ply_modt,0x080bea3c
ply_tune,0x080bea54
ply_port,0x080bea68
sub_80BE9F0,0x080bea78
m4aSoundVSync,0x080bea80
MPlayMain,0x080beacc
sub_80BEC9C,0x080bed24
TrackStop_rev01,0x080bed34
ChnVolSetAsm,0x080bed78
ply_note_rev01,0x080beda8
ply_endtie_rev01,0x080befa8
clear_modM,0x080befe8
ld_r3_tp_adr_i_rev,0x080bf004
ply_lfos_rev01,0x080bf010
ply_mod_rev01,0x080bf024
MidiKey2fr,0x080bf038
MPlayContinue,0x080bf0a0
MPlayFadeOut,0x080bf0bc
m4aSoundInit,0x080bf0dc
m4aSoundMain,0x080bf154
m4aSongNumStart,0x080bf160
m4aSongNumStartOrChange,0x080bf18c
m4aSongNumStartOrContinue,0x080bf1d8
m4aSongNumStop,0x080bf22c
m4aSongNumContinue,0x080bf260
m4aMPlayAllStop,0x080bf294
m4aMPlayContinue,0x080bf2c0
m4aMPlayAllContinue,0x080bf2cc
m4aMPlayFadeOut,0x080bf2f8
m4aMPlayFadeOutPause,0x080bf308
m4aMPlayFadeInContinue,0x080bf328
m4aMPlayImmInit,0x080bf350
MPlayExtender,0x080bf398
ClearChain_rev,0x080bf4b4
Clear64byte_rev,0x080bf4c8
SoundInit_rev01,0x080bf4dc
SampFreqSet_rev01,0x080bf5d4
SoundMode_rev01,0x080bf678
SoundClear_rev01,0x080bf710
SoundVSyncOff_rev01,0x080bf764
SoundVSyncOn_rev01,0x080bf7e0
MPlayOpen_rev01,0x080bf81c
MPlayStart_rev01,0x080bf894
MPlayStop_rev01,0x080bf978
FadeOutBody_rev01,0x080bf9b8
TrkVolPitSet_rev01,0x080bfa80
MidiKey2CgbFr,0x080bfb34
CgbOscOff,0x080bfbdc
CgbModVol,0x080bfc2c
CgbSound,0x080bfc94
MPlayTempoControl,0x080c00e0
MPlayVolumeControl,0x080c0108
MPlayPitchControl,0x080c0170
MPlayPanpotControl,0x080c01e4
MP_clear_modM,0x080c024c
MPlayModDepthSet,0x080c026c
MPlayLFOSpeedSet,0x080c02e0
ply_memacc,0x080c0354
ply_xcmd,0x080c04ac
ply_xxx,0x080c04cc
ply_xwave,0x080c04e0
ply_xtype,0x080c0528
ply_xatta,0x080c053c
ply_xdeca,0x080c0550
ply_xsust,0x080c0564
ply_xrele,0x080c0578
ply_xiecv,0x080c058c
ply_xiecl,0x080c0598
ply_xleng,0x080c05a4
ply_xswee,0x080c05b8
DivRem,0x080c05e4
MultiBoot,0x080c05f8
SoftReset,0x080c060c
SoundBiasReset,0x080c0624
SoundBiasSet,0x080c062c
VBlankIntrWait,0x080c0638
ReadSramFast_Core,0x080c0640
WriteSramFast,0x080c0680
VerifySramFast_Core,0x080c06c0
SetSramFastFunc,0x080c070c
WriteAndVerifySramFast,0x080c07a4
